sample_id,sample_type,within_journal_rank,journal,journal_issn,tier_basis,domain,title,authors,year,publication_date,doi,openalex_id,source_url,cited_by_count,citations_2024_2026,hot_score,citation_snapshot_date,primary_topic,topic_keywords,research_paradigm,method_family,method_evidence_keywords,inferred_data_type,data_evidence_from_abstract,inferred_research_flow,framework_summary,abstract_excerpt,abstract_available,extraction_evidence_level,manual_review_status
P001,classic_high_cited,1,Management Science,0025-1909,UTD24; INFORMS flagship,综合管理科学,User Acceptance of Computer Technology: A Comparison of Two Theoretical Models,Fred D. Davis; Richard P. Bagozzi; Paul R. Warshaw,1989,1989-08-01,10.1287/mnsc.35.8.982,https://openalex.org/W2033943395,https://doi.org/10.1287/mnsc.35.8.982,25486,3507,669.675,2026-07-12,Technology Adoption and User Behaviour,Technology Adoption and User Behaviour; Digital Marketing and Social Media; Knowledge Management and Sharing,实证解释型,结构方程/问卷实证,technology acceptance model; perceived ease of use; perceived usefulness,问卷/量表数据,"In a longitudinal study of 107 users, intentions to use a specific system, measured after a one-hour introduction to the system, were correlated 0.35 with system use 14 weeks later.",理论框架→假设→构念/变量→样本与测量→统计模型→信效度/拟合→稳健性→理论与管理含义,以“Technology Adoption and User Behaviour”为对象，采用结构方程/问卷实证，属于实证解释型研究；具体识别、模型与数据细节以全文复核为准。,"Computer systems cannot improve organizational performance if they aren't used. Unfortunately, resistance to end-user systems by managers and professionals is a widespread problem. To better predict, explain, and increase user acceptance, we need to better understand why people accept or reject computers. This research addresses the ability to predict peoples' computer acceptance from a measure of their intentions,…",True,abstract,待逐篇全文复核
P002,classic_high_cited,2,Management Science,0025-1909,UTD24; INFORMS flagship,综合管理科学,A Theoretical Extension of the Technology Acceptance Model: Four Longitudinal Field Studies,Viswanath Venkatesh; Fred D. Davis,2000,2000-02-01,10.1287/mnsc.46.2.186.11926,https://openalex.org/W2168569455,https://doi.org/10.1287/mnsc.46.2.186.11926,22454,4791,1046.965,2026-07-12,Technology Adoption and User Behaviour,Technology Adoption and User Behaviour; Digital Marketing and Social Media; Customer Service Quality and Loyalty,实证解释型,结构方程/问卷实证,technology acceptance model; perceived ease of use; perceived usefulness; longitudinal field studies,问卷/量表数据,"The extended model, referred to as TAM2, was tested using longitudinal data collected regarding four different systems at four organizations (N = 156), two involving voluntary usage and two involving mandatory usage.",理论框架→假设→构念/变量→样本与测量→统计模型→信效度/拟合→稳健性→理论与管理含义,以“Technology Adoption and User Behaviour”为对象，采用结构方程/问卷实证，属于实证解释型研究；具体识别、模型与数据细节以全文复核为准。,"The present research develops and tests a theoretical extension of the Technology Acceptance Model (TAM) that explains perceived usefulness and usage intentions in terms of social influence and cognitive instrumental processes. The extended model, referred to as TAM2, was tested using longitudinal data collected regarding four different systems at four organizations (N = 156), two involving voluntary usage and two…",True,abstract,待逐篇全文复核
P003,classic_high_cited,3,Management Science,0025-1909,UTD24; INFORMS flagship,综合管理科学,Some Models for Estimating Technical and Scale Inefficiencies in Data Envelopment Analysis,Rajiv D. Banker; A. Charnes; W. W. Cooper,1984,1984-09-01,10.1287/mnsc.30.9.1078,https://openalex.org/W2129763896,https://doi.org/10.1287/mnsc.30.9.1078,16601,1887,345.828,2026-07-12,Efficiency Analysis Using DEA,Efficiency Analysis Using DEA; Economic Growth and Productivity; Optimization and Mathematical Programming,规范型/处方型,优化与算法,linear programming; data envelopment analysis,模型参数/仿真或算例,"Data Envelopment Analysis reverses this role and employs mathematical programming to obtain ex post facto evaluations of the relative efficiency of management accomplishments, however they may have been planned or executed.",管理决策→系统边界与假设→目标函数/约束→算法或求解器→理论性质→算例/仿真→敏感性→管理洞见,以“Efficiency Analysis Using DEA”为对象，采用优化与算法，属于规范型/处方型研究；具体识别、模型与数据细节以全文复核为准。,"In management contexts, mathematical programming is usually used to evaluate a collection of possible alternative courses of action en route to selecting one which is best. In this capacity, mathematical programming serves as a planning aid to management. Data Envelopment Analysis reverses this role and employs mathematical programming to obtain ex post facto evaluations of the relative efficiency of management…",True,abstract,待逐篇全文复核
P004,classic_high_cited,4,Management Science,0025-1909,UTD24; INFORMS flagship,综合管理科学,"Organizational Information Requirements, Media Richness and Structural Design",Richard L. Daft; Robert H. Lengel,1986,1986-05-01,10.1287/mnsc.32.5.554,https://openalex.org/W2108752510,https://doi.org/10.1287/mnsc.32.5.554,9588,1182,219.832,2026-07-12,Competitive and Knowledge Intelligence,Competitive and Knowledge Intelligence; Business Strategy and Innovation; Innovation and Knowledge Management,理论构建型,概念/理论构建,title_override:organizational information requirements media richness,摘要未明确,"One implication for managers is that a major problem is lack of clarity, not lack of data.",现象/悖论→概念界定→理论锚点→机制与命题→边界条件→可检验含义→后续验证议程,以“Competitive and Knowledge Intelligence”为对象，采用概念/理论构建，属于理论构建型研究；具体识别、模型与数据细节以全文复核为准。,"This paper answers the question, “Why do organizations process information?” Uncertainty and equivocality are defined as two forces that influence information processing in organizations. Organization structure and internal systems determine both the amount and richness of information provided to managers. Models are proposed that show how organizations can be designed to meet the information needs of technology,…",True,abstract,待逐篇全文复核
P005,classic_high_cited,5,Management Science,0025-1909,UTD24; INFORMS flagship,综合管理科学,Asset Stock Accumulation and Sustainability of Competitive Advantage,Ingemar Dierickx; Karel Cool,1989,1989-12-01,10.1287/mnsc.35.12.1504,https://openalex.org/W2101946146,https://doi.org/10.1287/mnsc.35.12.1504,8376,392,96.816,2026-07-12,Economic theories and models,Economic theories and models; Corporate Finance and Governance; Firm Innovation and Growth,理论构建型,概念/理论构建,title_override:asset stock accumulation and sustainability,摘要未明确,摘要未明确；需全文补录具体数据源、样本期与变量定义。,现象/悖论→概念界定→理论锚点→机制与命题→边界条件→可检验含义→后续验证议程,以“Economic theories and models”为对象，采用概念/理论构建，属于理论构建型研究；具体识别、模型与数据细节以全文复核为准。,"Given incomplete factor markets, appropriate time paths of flow variables must be chosen to build required stocks of assets. That is, critical resources are accumulated rather than acquired in “strategic factor markets” (Barney [Barney, J. 1986. Strategic factor markets: Expectations, luck, and business strategy. Management Sci. (October) 1231–1241.]). Sustainability of a firm's asset position hinges on how easily…",True,abstract,待逐篇全文复核
P006,recent_hot_2021_2025,1,Management Science,0025-1909,UTD24; INFORMS flagship,综合管理科学,Quantile Connectedness: Modeling Tail Behavior in the Topology of Financial Networks,Tomohiro Ando; Matthew Greenwood‐Nimmo; Yongcheol Shin,2022,2022-02-15,10.1287/mnsc.2021.3984,https://openalex.org/W3159199231,https://doi.org/10.1287/mnsc.2021.3984,778,598,291.221,2026-07-12,Credit Risk and Financial Regulations,"Credit Risk and Financial Regulations; Banking stability, regulation, efficiency; Monetary Policy and Economic Impact",实证解释型,回归/统计实证,regression,观察性微观/面板/交易数据,摘要未明确；需全文补录具体数据源、样本期与变量定义。,理论框架→假设→构念/变量→样本与测量→统计模型→信效度/拟合→稳健性→理论与管理含义,以“Credit Risk and Financial Regulations”为对象，采用回归/统计实证，属于实证解释型研究；具体识别、模型与数据细节以全文复核为准。,We develop a new technique to estimate vector autoregressions with a common factor error structure by quantile regression. We apply our technique to study credit risk spillovers among a group of 17 sovereigns and their respective financial sectors between January 2006 and December 2017. We show that idiosyncratic credit risk shocks propagate much more strongly in both tails than at the conditional mean or median.…,True,abstract,待逐篇全文复核
P007,recent_hot_2021_2025,2,Management Science,0025-1909,UTD24; INFORMS flagship,综合管理科学,"Climate Change, Firm Performance, and Investor Surprises",Nora Pankratz; Rob Bauer; Jeroen Derwall,2023,2023-03-21,10.1287/mnsc.2023.4685,https://openalex.org/W4328094166,https://doi.org/10.1287/mnsc.2023.4685,559,496,269.462,2026-07-12,Market Dynamics and Volatility,Market Dynamics and Volatility; Sustainable Finance and Green Bonds; Financial Markets and Investment Strategies,因果解释型,因果推断/计量经济学,title_override:climate change firm performance and investor surprises,观察性微观/面板/交易数据,"We link records of firm performance, equity analyst forecast errors, and stock returns around companies’ earnings announcements to firm-specific measures of heat exposure for more than 17,000 firms in 93 countries from 1995 to 2019.",理论机制→可检验假设→识别设计→样本与变量→估计→平行趋势/有效性→稳健性→机制与异质性,以“Market Dynamics and Volatility”为对象，采用因果推断/计量经济学，属于因果解释型研究；具体识别、模型与数据细节以全文复核为准。,"We link records of firm performance, equity analyst forecast errors, and stock returns around companies’ earnings announcements to firm-specific measures of heat exposure for more than 17,000 firms in 93 countries from 1995 to 2019. We find that increased exposure to extremely high temperatures reduces firms’ revenues and operating income. A one-standard-deviation increase in the number of hot days decreases…",True,abstract,待逐篇全文复核
P008,recent_hot_2021_2025,3,Management Science,0025-1909,UTD24; INFORMS flagship,综合管理科学,Climate Risk and Capital Structure,Édith Ginglinger; Quentin Moreau,2023,2023-10-20,10.1287/mnsc.2023.4952,https://openalex.org/W4387818547,https://doi.org/10.1287/mnsc.2023.4952,549,494,268.087,2026-07-12,Insurance and Financial Risk Management,Insurance and Financial Risk Management; Sustainable Finance and Green Bonds; Credit Risk and Financial Regulations,实证解释型,回归/统计实证,title_override:climate risk and capital structure,观察性微观/面板/交易数据,We use firm-level data that measure forward-looking physical climate risk to examine the impact of climate risk on capital structure.,理论框架→假设→构念/变量→样本与测量→统计模型→信效度/拟合→稳健性→理论与管理含义,以“Insurance and Financial Risk Management”为对象，采用回归/统计实证，属于实证解释型研究；具体识别、模型与数据细节以全文复核为准。,"We use firm-level data that measure forward-looking physical climate risk to examine the impact of climate risk on capital structure. We find that greater physical climate risk leads to lower leverage in the post-2015 period (i.e., after the Paris Agreement and the first step of standardization of disclosure of climate risk information). Our results hold after controlling for firm characteristics known to determine…",True,abstract,待逐篇全文复核
P009,recent_hot_2021_2025,4,Management Science,0025-1909,UTD24; INFORMS flagship,综合管理科学,Climate Change Concerns and the Performance of Green vs. Brown Stocks,David Ardia; Keven Bluteau; Kris Boudt; Koen Inghelbrecht,2022,2022-12-16,10.1287/mnsc.2022.4636,https://openalex.org/W4312118455,https://doi.org/10.1287/mnsc.2022.4636,588,494,239.011,2026-07-12,Market Dynamics and Volatility,"Market Dynamics and Volatility; Corporate Social Responsibility Reporting; Energy, Environment, Economic Growth",实证解释型,回归/统计实证,title_override:green vs brown stocks,观察性微观/面板/交易数据,"(2021) that green firms outperform brown firms when concerns about climate change increase unexpectedly, using data for S&amp;P 500 companies from January 2010 to June 2018.",理论框架→假设→构念/变量→样本与测量→统计模型→信效度/拟合→稳健性→理论与管理含义,以“Market Dynamics and Volatility”为对象，采用回归/统计实证，属于实证解释型研究；具体识别、模型与数据细节以全文复核为准。,"We empirically test the prediction of Pástor et al. (2021) that green firms outperform brown firms when concerns about climate change increase unexpectedly, using data for S&amp;P 500 companies from January 2010 to June 2018. To capture unexpected increases in climate change concerns, we construct a daily Media Climate Change Concerns index using news about climate change published by major U.S. newspapers and…",True,abstract,待逐篇全文复核
P010,recent_hot_2021_2025,5,Management Science,0025-1909,UTD24; INFORMS flagship,综合管理科学,Deep Learning in Asset Pricing,Luyang Chen; Markus Pelger; Jason Zhu,2023,2023-02-20,10.1287/mnsc.2023.4695,https://openalex.org/W2927831250,https://doi.org/10.1287/mnsc.2023.4695,411,305,168.412,2026-07-12,Stock Market Forecasting Methods,Stock Market Forecasting Methods; Financial Markets and Investment Strategies; Market Dynamics and Volatility,预测型/计算型,机器学习/文本与预测分析,deep learning; neural network,观察数据/数字痕迹/文本/时序,"Our asset pricing model outperforms out-of-sample all benchmark approaches in terms of Sharpe ratio, explained variation, and pricing errors and identifies the key factors that drive asset prices.",预测/分类任务→数据与标签→特征/表示→训练与验证→基线比较→误差与解释→决策/部署约束,以“Stock Market Forecasting Methods”为对象，采用机器学习/文本与预测分析，属于预测型/计算型研究；具体识别、模型与数据细节以全文复核为准。,"We use deep neural networks to estimate an asset pricing model for individual stock returns that takes advantage of the vast amount of conditioning information, keeps a fully flexible form, and accounts for time variation. The key innovations are to use the fundamental no-arbitrage condition as criterion function to construct the most informative test assets with an adversarial approach and to extract the states of…",True,abstract,待逐篇全文复核
P011,classic_high_cited,1,Operations Research,0030-364X,UTD24; INFORMS flagship,运筹学与决策分析,The Price of Robustness,Dimitris Bertsimas; Melvyn Sim,2004,2004-02-01,10.1287/opre.1030.0065,https://openalex.org/W2118578357,https://doi.org/10.1287/opre.1030.0065,4427,790,193.807,2026-07-12,Risk and Portfolio Optimization,Risk and Portfolio Optimization; Reservoir Engineering and Simulation Methods; Water resources management and optimization,规范型/处方型,优化与算法,linear programming; robust optimization; robustness,模型参数/仿真或算例,A robust approach to solving linear optimization problems with uncertain data was proposed in the early 1970s and has recently been extensively studied and extended.,管理决策→系统边界与假设→目标函数/约束→算法或求解器→理论性质→算例/仿真→敏感性→管理洞见,以“Risk and Portfolio Optimization”为对象，采用优化与算法，属于规范型/处方型研究；具体识别、模型与数据细节以全文复核为准。,"A robust approach to solving linear optimization problems with uncertain data was proposed in the early 1970s and has recently been extensively studied and extended. Under this approach, we are willing to accept a suboptimal solution for the nominal values of the data in order to ensure that the solution remains feasible and near optimal when the data changes. A concern with such an approach is that it might be too…",True,abstract,待逐篇全文复核
P012,classic_high_cited,2,Operations Research,0030-364X,UTD24; INFORMS flagship,运筹学与决策分析,Algorithms for the Vehicle Routing and Scheduling Problems with Time Window Constraints,Marius M. Solomon,1987,1987-04-01,10.1287/opre.35.2.254,https://openalex.org/W2096305430,https://doi.org/10.1287/opre.35.2.254,4196,619,113.766,2026-07-12,Vehicle Routing Optimization Methods,Vehicle Routing Optimization Methods; Transportation and Mobility Innovations; Optimization and Packing Problems,规范型/处方型,优化与算法,vehicle routing; scheduling problem; shop scheduling; routing problem; routing and scheduling,模型参数/仿真或算例,"The problem set includes routing and scheduling environments that differ in terms of the type of data used to generate the problems, the percentage of customers with time windows, their tightness and positioning, and the scheduling horizon.",管理决策→系统边界与假设→目标函数/约束→算法或求解器→理论性质→算例/仿真→敏感性→管理洞见,以“Vehicle Routing Optimization Methods”为对象，采用优化与算法，属于规范型/处方型研究；具体识别、模型与数据细节以全文复核为准。,"This paper considers the design and analysis of algorithms for vehicle routing and scheduling problems with time window constraints. Given the intrinsic difficulty of this problem class, approximation methods seem to offer the most promise for practical size problems. After describing a variety of heuristics, we conduct an extensive computational study of their performance. The problem set includes routing and…",True,abstract,待逐篇全文复核
P013,classic_high_cited,3,Operations Research,0030-364X,UTD24; INFORMS flagship,运筹学与决策分析,Scheduling of Vehicles from a Central Depot to a Number of Delivery Points,Graham Clarke; J. W. Wright,1964,1964-08-01,10.1287/opre.12.4.568,https://openalex.org/W2111581650,https://doi.org/10.1287/opre.12.4.568,3850,373,56.286,2026-07-12,Vehicle Routing Optimization Methods,Vehicle Routing Optimization Methods; Advanced Manufacturing and Logistics Optimization; Optimization and Packing Problems,规范型/处方型,优化与算法,vehicle routing; routing problem,模型参数/仿真或算例,摘要未明确；需全文补录具体数据源、样本期与变量定义。,管理决策→系统边界与假设→目标函数/约束→算法或求解器→理论性质→算例/仿真→敏感性→管理洞见,以“Vehicle Routing Optimization Methods”为对象，采用优化与算法，属于规范型/处方型研究；具体识别、模型与数据细节以全文复核为准。,"The optimum routing of a fleet of trucks of varying capacities from a central depot to a number of delivery points may require a selection from a very large number of possible routes, if the number of delivery points is also large. This paper, after considering certain theoretical aspects of the problem, develops an iterative procedure that enables the rapid selection of an optimum or near-optimum route. It has been…",True,abstract,待逐篇全文复核
P014,classic_high_cited,4,Operations Research,0030-364X,UTD24; INFORMS flagship,运筹学与决策分析,An Effective Heuristic Algorithm for the Traveling-Salesman Problem,Simon Lin; Brian W. Kernighan,1973,1973-04-01,10.1287/opre.21.2.498,https://openalex.org/W2042986967,https://doi.org/10.1287/opre.21.2.498,3804,236,42.818,2026-07-12,Vehicle Routing Optimization Methods,Vehicle Routing Optimization Methods; Optimization and Packing Problems; Data Management and Algorithms,规范型/处方型,优化与算法,heuristic algorithm; vehicle routing; traveling-salesman; travelling salesman,模型参数/仿真或算例,摘要未明确；需全文补录具体数据源、样本期与变量定义。,管理决策→系统边界与假设→目标函数/约束→算法或求解器→理论性质→算例/仿真→敏感性→管理洞见,以“Vehicle Routing Optimization Methods”为对象，采用优化与算法，属于规范型/处方型研究；具体识别、模型与数据细节以全文复核为准。,"This paper discusses a highly effective heuristic procedure for generating optimum and near-optimum solutions for the symmetric traveling-salesman problem. The procedure is based on a general approach to heuristics that is believed to have wide applicability in combinatorial optimization problems. The procedure produces optimum solutions for all problems tested, “classical” problems appearing in the literature, as…",True,abstract,待逐篇全文复核
P015,classic_high_cited,5,Operations Research,0030-364X,UTD24; INFORMS flagship,运筹学与决策分析,Shock Waves on the Highway,P.I. Richards,1956,1956-02-01,10.1287/opre.4.1.42,https://openalex.org/W2093921901,https://doi.org/10.1287/opre.4.1.42,3613,384,53.324,2026-07-12,Traffic control and management,Traffic control and management; Transportation Planning and Optimization; Evacuation and Crowd Dynamics,规范型/处方型,随机过程/动态规划/仿真,traffic flow; shock waves,模型参数/仿真或算例,摘要未明确；需全文补录具体数据源、样本期与变量定义。,管理决策→系统边界与假设→目标函数/约束→算法或求解器→理论性质→算例/仿真→敏感性→管理洞见,以“Traffic control and management”为对象，采用随机过程/动态规划/仿真，属于规范型/处方型研究；具体识别、模型与数据细节以全文复核为准。,A simple theory of traffic flow is developed by replacing individual vehicles with a continuous “fluid” density and applying an empirical relation between speed and density. Characteristic features of the resulting theory are a simple “graph-shearing” process for following the development of traffic waves in time and the frequent appearance of shock waves. The effect of a traffic signal on traffic streams is studied…,True,abstract,待逐篇全文复核
P016,recent_hot_2021_2025,1,Operations Research,0030-364X,UTD24; INFORMS flagship,运筹学与决策分析,Shipping Emission Control Area Optimization Considering Carbon Emission Reduction,Dan Zhuge; Shuaian Wang; Lu Zhen,2024,2024-03-15,10.1287/opre.2022.0361,https://openalex.org/W4392847588,https://doi.org/10.1287/opre.2022.0361,58,58,36.964,2026-07-12,Maritime Transport Emissions and Efficiency,Maritime Transport Emissions and Efficiency; Maritime Ports and Logistics; Vehicle emissions and performance,规范型/处方型,随机过程/动态规划/仿真,dynamic programming; stackelberg,模型参数/仿真或算例,The effectiveness of the proposed policies in reducing social costs is validated by numerical experiments.,管理决策→系统边界与假设→目标函数/约束→算法或求解器→理论性质→算例/仿真→敏感性→管理洞见,以“Maritime Transport Emissions and Efficiency”为对象，采用随机过程/动态规划/仿真，属于规范型/处方型研究；具体识别、模型与数据细节以全文复核为准。,"Managing Shipping Emission Control Areas The design of emission control areas (ECAs) is crucial for reducing global shipping emissions and protecting the environment. In “Shipping Emission Control Area Optimization Considering Carbon Emission Reduction,” Zhuge, Wang, and Zhen focus on the ECA optimization problem for sailing legs with ECAs. First, a case with a no-ECA policy and a case with the current ECA policy…",True,abstract,待逐篇全文复核
P017,recent_hot_2021_2025,2,Operations Research,0030-364X,UTD24; INFORMS flagship,运筹学与决策分析,Robust Satisficing,Daniel Zhuoyu Long; Melvyn Sim; Minglong Zhou,2022,2022-02-01,10.1287/opre.2021.2238,https://openalex.org/W4210430861,https://doi.org/10.1287/opre.2021.2238,109,74,36.811,2026-07-12,Risk and Portfolio Optimization,Risk and Portfolio Optimization; Decision-Making and Behavioral Economics; Capital Investment and Risk Analysis,规范型/处方型,优化与算法,linear programming; robust optimization; robust satisficing,模型参数/仿真或算例,"We show that the solutions to the robust satisficing models are more effective in improving the out-of-sample performance evaluated on a variety of metrics, hence alleviating the optimizer’s curse.",管理决策→系统边界与假设→目标函数/约束→算法或求解器→理论性质→算例/仿真→敏感性→管理洞见,以“Risk and Portfolio Optimization”为对象，采用优化与算法，属于规范型/处方型研究；具体识别、模型与数据细节以全文复核为准。,"We present a general framework for robust satisficing that favors solutions for which a risk-aware objective function would best attain an acceptable target even when the actual probability distribution deviates from the empirical distribution. The satisficing decision maker specifies an acceptable target, or loss of optimality compared with the empirical optimization model, as a trade-off for the model’s ability to…",True,abstract,待逐篇全文复核
P018,recent_hot_2021_2025,3,Operations Research,0030-364X,UTD24; INFORMS flagship,运筹学与决策分析,Inverse Optimization: Theory and Applications,Timothy C. Y. Chan; Rafid Mahmood; Ian Yihang Zhu,2023,2023-12-19,10.1287/opre.2022.0382,https://openalex.org/W3197777288,https://doi.org/10.1287/opre.2022.0382,69,67,36.587,2026-07-12,Advanced Multi-Objective Optimization Algorithms,Advanced Multi-Objective Optimization Algorithms; Advanced Optimization Algorithms Research; Sparse and Compressive Sensing Techniques,规范型/处方型,优化与算法,inverse optimization,模型参数/仿真或算例,摘要未明确；需全文补录具体数据源、样本期与变量定义。,管理决策→系统边界与假设→目标函数/约束→算法或求解器→理论性质→算例/仿真→敏感性→管理洞见,以“Advanced Multi-Objective Optimization Algorithms”为对象，采用优化与算法，属于规范型/处方型研究；具体识别、模型与数据细节以全文复核为准。,"A Review of Inverse Optimization In recent years, there has been an explosion of interest in the mathematics and applications of inverse optimization. Unlike traditional optimization, which seeks to compute optimal decisions given an objective and constraints, inverse optimization takes decisions as input and determines an objective and/or constraints that render these decisions approximately or exactly optimal. In…",True,abstract,待逐篇全文复核
P019,recent_hot_2021_2025,4,Operations Research,0030-364X,UTD24; INFORMS flagship,运筹学与决策分析,Disruption and Rerouting in Supply Chain Networks,John R. Birge; Agostino Capponi; Peng-Chu Chen,2022,2022-12-12,10.1287/opre.2022.2409,https://openalex.org/W4312127992,https://doi.org/10.1287/opre.2022.2409,74,66,32.183,2026-07-12,Supply Chain Resilience and Risk Management,Supply Chain Resilience and Risk Management; Supply Chain and Inventory Management; Sustainable Supply Chain Management,规范型/处方型,优化与算法,title_override:disruption and rerouting in supply chain networks,模型参数/仿真或算例,摘要未明确；需全文补录具体数据源、样本期与变量定义。,管理决策→系统边界与假设→目标函数/约束→算法或求解器→理论性质→算例/仿真→敏感性→管理洞见,以“Supply Chain Resilience and Risk Management”为对象，采用优化与算法，属于规范型/处方型研究；具体识别、模型与数据细节以全文复核为准。,The recent coronavirus disease 2019 pandemic has shown that shortages and supply chain disruptions can have catastrophic effects on the real economy. These observations bring about reflections and first-order questions. How can we design supply chain networks that are robust and resilient to demand and supply shocks? Can we quantify the indirect effects caused by buyers’ and suppliers’ defaults in the network? Is it…,True,abstract,待逐篇全文复核
P020,recent_hot_2021_2025,5,Operations Research,0030-364X,UTD24; INFORMS flagship,运筹学与决策分析,Technical Note—Data-Driven Chance Constrained Programs over Wasserstein Balls,Zhi Chen; Daniel Kühn; Wolfram Wiesemann,2022,2022-07-21,10.1287/opre.2022.2330,https://openalex.org/W4286494325,https://doi.org/10.1287/opre.2022.2330,94,64,31.889,2026-07-12,Risk and Portfolio Optimization,"Risk and Portfolio Optimization; Optimization and Mathematical Programming; Energy, Environment, and Transportation Policies",规范型/处方型,优化与算法,mixed-integer; chance constrained,模型参数/仿真或算例,"In the era of modern business analytics, data-driven optimization has emerged as a popular modeling paradigm to transform data into decisions.",管理决策→系统边界与假设→目标函数/约束→算法或求解器→理论性质→算例/仿真→敏感性→管理洞见,以“Risk and Portfolio Optimization”为对象，采用优化与算法，属于规范型/处方型研究；具体识别、模型与数据细节以全文复核为准。,"In the era of modern business analytics, data-driven optimization has emerged as a popular modeling paradigm to transform data into decisions. By constructing an ambiguity set of the potential data-generating distributions and subsequently hedging against all member distributions within this ambiguity set, data-driven optimization effectively combats the ambiguity with which real-life data sets are plagued. Chen et…",True,abstract,待逐篇全文复核
P021,classic_high_cited,1,Manufacturing & Service Operations Management,1523-4614,UTD24,制造与服务运营,"Telephone Call Centers: Tutorial, Review, and Research Prospects",Noah Gans; Ger Koole; Avishai Mandelbaum,2003,2003-04-01,10.1287/msom.5.2.79.16071,https://openalex.org/W2119338125,https://doi.org/10.1287/msom.5.2.79.16071,1389,109,31.135,2026-07-12,Advanced Queuing Theory Analysis,Advanced Queuing Theory Analysis; Wireless Communication Networks Research; Advanced Wireless Network Optimization,证据综合型,综述/理论整合/元分析,tutorial; research prospects; queuing; call centers; call center,文献与已发表效应量,They are also fascinating sociotechnical systems in which the behavior of customers and employees is closely intertwined with physical performance measures.,检索协议→纳排标准→编码→质量/偏倚评估→主题或效应综合→异质性→研究议程,以“Advanced Queuing Theory Analysis”为对象，采用综述/理论整合/元分析，属于证据综合型研究；具体识别、模型与数据细节以全文复核为准。,"Telephone call centers are an integral part of many businesses, and their economic role is significant and growing. They are also fascinating sociotechnical systems in which the behavior of customers and employees is closely intertwined with physical performance measures. In these environments traditional operational models are of great value—and at the same time fundamentally limited—in their ability to…",True,abstract,待逐篇全文复核
P022,classic_high_cited,2,Manufacturing & Service Operations Management,1523-4614,UTD24,制造与服务运营,Selling to the Newsvendor: An Analysis of Price-Only Contracts,Martin A. Lariviere; Evan L. Porteus,2001,2001-10-01,10.1287/msom.3.4.293.9971,https://openalex.org/W2149035559,https://doi.org/10.1287/msom.3.4.293.9971,1080,81,22.312,2026-07-12,Supply Chain and Inventory Management,Supply Chain and Inventory Management; Sustainable Supply Chain Management; Auction Theory and Applications,规范型/处方型,随机过程/动态规划/仿真,newsvendor; auction; price-only contracts,模型参数/仿真或算例,摘要未明确；需全文补录具体数据源、样本期与变量定义。,管理决策→系统边界与假设→目标函数/约束→算法或求解器→理论性质→算例/仿真→敏感性→管理洞见,以“Supply Chain and Inventory Management”为对象，采用随机过程/动态规划/仿真，属于规范型/处方型研究；具体识别、模型与数据细节以全文复核为准。,"We consider a simple supply-chain contract in which a manufacturer sells to a retailer facing a newsvendor problem and the lone contract parameter is a wholesale price. We develop a mild restriction satisfied by many common distributions that assures that the manufacturer's problem is readily amenable to analysis. The manufacturer's profit and sales quantity increase with market size, but the resulting wholesale…",True,abstract,待逐篇全文复核
P023,classic_high_cited,3,Manufacturing & Service Operations Management,1523-4614,UTD24,制造与服务运营,An Overview of Pricing Models for Revenue Management,Gabriel R. Bitran; René Caldentey,2003,2003-07-01,10.1287/msom.5.3.203.16031,https://openalex.org/W2100951624,https://doi.org/10.1287/msom.5.3.203.16031,806,55,16.468,2026-07-12,Supply Chain and Inventory Management,Supply Chain and Inventory Management; Consumer Market Behavior and Pricing; Economic theories and models,证据综合型,综述/理论整合/元分析,an overview of,文献与已发表效应量,The survey is based on a generic revenue management problem in which a perishable and nonrenewable set of resources satisfy stochastic price sensitive demand processes over a finite period of time.,检索协议→纳排标准→编码→质量/偏倚评估→主题或效应综合→异质性→研究议程,以“Supply Chain and Inventory Management”为对象，采用综述/理论整合/元分析，属于证据综合型研究；具体识别、模型与数据细节以全文复核为准。,"In this paper, we examine the research and results of dynamic pricing policies and their relation to revenue management. The survey is based on a generic revenue management problem in which a perishable and nonrenewable set of resources satisfy stochastic price sensitive demand processes over a finite period of time. In this class of problems, the owner (or the seller) of these resources uses them to produce and…",True,abstract,待逐篇全文复核
P024,classic_high_cited,4,Manufacturing & Service Operations Management,1523-4614,UTD24,制造与服务运营,Channel Dynamics Under Price and Service Competition,Andy A. Tsay; Narendra Agrawal,2000,2000-10-01,10.1287/msom.2.4.372.12342,https://openalex.org/W2104052944,https://doi.org/10.1287/msom.2.4.372.12342,804,89,21.787,2026-07-12,Merger and Competition Analysis,Merger and Competition Analysis; Consumer Market Behavior and Pricing; Supply Chain and Inventory Management,解析型/机制解释,解析建模,we characterize,模型参数/仿真或算例,"This paper studies a distribution system in which a manufacturer supplies a common product to two independent retailers, who in turn use service as well as retail price to directly compete for end customers.",现实现象→参与者与机制→效用/利润/约束→均衡或结构参数→比较静态→经验/数值校准→机制含义,以“Merger and Competition Analysis”为对象，采用解析建模，属于解析型/机制解释研究；具体识别、模型与数据细节以全文复核为准。,"This paper studies a distribution system in which a manufacturer supplies a common product to two independent retailers, who in turn use service as well as retail price to directly compete for end customers. We examine the drivers of each firm's strategy, and the consequences for total sales, market share, and profitability. We show that the relative intensity of competition with respect to each competitive…",True,abstract,待逐篇全文复核
P025,classic_high_cited,5,Manufacturing & Service Operations Management,1523-4614,UTD24,制造与服务运营,OM Forum—Distributed Ledgers and Operations: What Operations Management Researchers Should Know About Blockchain Technology,Volodymyr Babich; Gilles Hilary,2019,2019-06-27,10.1287/msom.2018.0752,https://openalex.org/W3022085691,https://doi.org/10.1287/msom.2018.0752,765,347,137.38,2026-07-12,Blockchain Technology Applications and Security,Blockchain Technology Applications and Security; Supply Chain and Inventory Management; Sustainable Supply Chain Management,证据综合型,综述/理论整合/元分析,om forum,文献与已发表效应量,摘要未明确；需全文补录具体数据源、样本期与变量定义。,检索协议→纳排标准→编码→质量/偏倚评估→主题或效应综合→异质性→研究议程,以“Blockchain Technology Applications and Security”为对象，采用综述/理论整合/元分析，属于证据综合型研究；具体识别、模型与数据细节以全文复核为准。,"Problem definition: Blockchain is a form of distributed ledger technology. While it has grown in prominence, its full potential and possible downsides are not fully understood yet, especially with respect to operations management (OM). Academic/practical relevance: This article fills this gap. Methodology: After briefly reviewing the technical foundations, we explore multiple business and policy aspects. Results: We…",True,abstract,待逐篇全文复核
P026,recent_hot_2021_2025,1,Manufacturing & Service Operations Management,1523-4614,UTD24,制造与服务运营,Channel Structures of Online Retail Platforms,Albert Y. Ha; Shilu Tong; Yunjie Wang,2021,2021-10-06,10.1287/msom.2021.1011,https://openalex.org/W3202937120,https://doi.org/10.1287/msom.2021.1011,413,292,129.942,2026-07-12,Supply Chain and Inventory Management,Supply Chain and Inventory Management; Consumer Market Behavior and Pricing; Digital Platforms and Economics,解析型/机制解释,博弈论/机制与契约,channel structures; supplier encroachment; retail platforms,模型参数/仿真或算例,"Our analysis highlights the flexibility of a dual channel for firms to shift sales between the two channels, which could increase the retail platform’s incentive to exert service effort.",现实现象→参与者与机制→效用/利润/约束→均衡或结构参数→比较静态→经验/数值校准→机制含义,以“Supply Chain and Inventory Management”为对象，采用博弈论/机制与契约，属于解析型/机制解释研究；具体识别、模型与数据细节以全文复核为准。,"Problem definition: This paper investigates the channel choice problem of an online platform that exerts service effort to enhance the demand in its sales channels. Academic/practical relevance: In the existing literature on the channel structure of an online retail platform, it is usually assumed that a manufacturer sells through either the platform’s agency or reselling channel but not both. In practice, many…",True,abstract,待逐篇全文复核
P027,recent_hot_2021_2025,2,Manufacturing & Service Operations Management,1523-4614,UTD24,制造与服务运营,"Can Deep Reinforcement Learning Improve Inventory Management? Performance on Lost Sales, Dual-Sourcing, and Multi-Echelon Problems",Joren Gijsbrechts; Robert Boute; Jan A. Van Mieghem; Dennis Zhang,2022,2022-01-17,10.1287/msom.2021.1064,https://openalex.org/W4205375500,https://doi.org/10.1287/msom.2021.1064,178,130,63.925,2026-07-12,Supply Chain and Inventory Management,Supply Chain and Inventory Management; Scheduling and Optimization Algorithms; Auction Theory and Applications,预测型/计算型,机器学习/文本与预测分析,reinforcement learning; markov decision; dynamic programming; auction,观察数据/数字痕迹/文本/时序,摘要未明确；需全文补录具体数据源、样本期与变量定义。,预测/分类任务→数据与标签→特征/表示→训练与验证→基线比较→误差与解释→决策/部署约束,以“Supply Chain and Inventory Management”为对象，采用机器学习/文本与预测分析，属于预测型/计算型研究；具体识别、模型与数据细节以全文复核为准。,"Problem definition: Is deep reinforcement learning (DRL) effective at solving inventory problems? Academic/practical relevance: Given that DRL has successfully been applied in computer games and robotics, supply chain researchers and companies are interested in its potential in inventory management. We provide a rigorous performance evaluation of DRL in three classic and intractable inventory problems: lost sales,…",True,abstract,待逐篇全文复核
P028,recent_hot_2021_2025,3,Manufacturing & Service Operations Management,1523-4614,UTD24,制造与服务运营,Information Sharing on Retail Platforms,Zekun Liu; Dennis Zhang; Fuqiang Zhang,2021,2021-05-01,10.1287/msom.2020.0915,https://openalex.org/W3123613335,https://doi.org/10.1287/msom.2020.0915,223,141,63.546,2026-07-12,Auction Theory and Applications,Auction Theory and Applications; Digital Platforms and Economics; Consumer Market Behavior and Pricing,解析型/机制解释,博弈论/机制与契约,auction; retail platforms; information sharing,模型参数/仿真或算例,摘要未明确；需全文补录具体数据源、样本期与变量定义。,现实现象→参与者与机制→效用/利润/约束→均衡或结构参数→比较静态→经验/数值校准→机制含义,以“Auction Theory and Applications”为对象，采用博弈论/机制与契约，属于解析型/机制解释研究；具体识别、模型与数据细节以全文复核为准。,"Problem definition : This paper studies the information-sharing strategy for a retail platform on which multiple competing sellers distribute their products. Academic/practical relevance : Because of the rapid growth of retail platforms in recent years, information sharing has become an increasingly important issue because retail platforms can gather an enormous amount of consumer information that may not be visible…",True,abstract,待逐篇全文复核
P029,recent_hot_2021_2025,4,Manufacturing & Service Operations Management,1523-4614,UTD24,制造与服务运营,A Deep Q-Network for the Beer Game: Deep Reinforcement Learning for Inventory Optimization,Afshin Oroojlooyjadid; Mohammadreza Nazari; Lawrence Snyder; Martin Takáč,2021,2021-02-23,10.1287/msom.2020.0939,https://openalex.org/W3132558922,https://doi.org/10.1287/msom.2020.0939,225,137,61.963,2026-07-12,Supply Chain and Inventory Management,Supply Chain and Inventory Management; Blockchain Technology Applications and Security; Sustainable Supply Chain Management,预测型/计算型,机器学习/文本与预测分析,reinforcement learning,观察数据/数字痕迹/文本/时序,We observe similar results using a real-world data set.,预测/分类任务→数据与标签→特征/表示→训练与验证→基线比较→误差与解释→决策/部署约束,以“Supply Chain and Inventory Management”为对象，采用机器学习/文本与预测分析，属于预测型/计算型研究；具体识别、模型与数据细节以全文复核为准。,"Problem definition: The beer game is widely used in supply chain management classes to demonstrate the bullwhip effect and the importance of supply chain coordination. The game is a decentralized, multiagent, cooperative problem that can be modeled as a serial supply chain network in which agents choose order quantities while cooperatively attempting to minimize the network’s total cost, although each agent only…",True,abstract,待逐篇全文复核
P030,recent_hot_2021_2025,5,Manufacturing & Service Operations Management,1523-4614,UTD24,制造与服务运营,Value and Design of Traceability-Driven Blockchains,Yao Cui; Ming Hu; Jingchen Liu,2023,2023-01-23,10.1287/msom.2022.1161,https://openalex.org/W4317746726,https://doi.org/10.1287/msom.2022.1161,144,112,61.9,2026-07-12,Supply Chain and Inventory Management,Supply Chain and Inventory Management; Sustainable Supply Chain Management; Blockchain Technology Applications and Security,解析型/机制解释,博弈论/机制与契约,game theory,模型参数/仿真或算例,"In this case, traceability always improves product quality and all firms’ profits and naturally creates a win-win.",现实现象→参与者与机制→效用/利润/约束→均衡或结构参数→比较静态→经验/数值校准→机制含义,以“Supply Chain and Inventory Management”为对象，采用博弈论/机制与契约，属于解析型/机制解释研究；具体识别、模型与数据细节以全文复核为准。,"Problem definition: This paper provides a theoretical investigation into the value and design of a traceability-driven blockchain under different supply chain structures. Methodology/results: We use game theory to study the quality contracting equilibrium between one buyer and two suppliers and identify two fundamental functionalities of a traceability-driven blockchain. In serial supply chains, the ability to trace…",True,abstract,待逐篇全文复核
P031,classic_high_cited,1,Production and Operations Management,1059-1478,UTD24,生产与运营管理,Managing Disruption Risks in Supply Chains,Paul R. Kleindorfer; Germaine H. Saad,2005,2005-01-03,10.1111/j.1937-5956.2005.tb00009.x,https://openalex.org/W2060068786,https://doi.org/10.1111/j.1937-5956.2005.tb00009.x,2062,270,71.836,2026-07-12,Supply Chain Resilience and Risk Management,Supply Chain Resilience and Risk Management; Supply Chain and Inventory Management; Quality and Supply Management,理论构建型,概念/理论构建,conceptual framework,摘要未明确,We then consider empirical results from a rich data set covering the period 1995–2000 on accidents in the U.,现象/悖论→概念界定→理论锚点→机制与命题→边界条件→可检验含义→后续验证议程,以“Supply Chain Resilience and Risk Management”为对象，采用概念/理论构建，属于理论构建型研究；具体识别、模型与数据细节以全文复核为准。,"There are two broad categories of risk affecting supply chain design and management: (1) risks arising from the problems of coordinating supply and demand, and (2) risks arising from disruptions to normal activities. This paper is concerned with the second category of risks, which may arise from natural disasters, from strikes and economic disruptions, and from acts of purposeful agents, including terrorists. The…",True,abstract,待逐篇全文复核
P032,classic_high_cited,2,Production and Operations Management,1059-1478,UTD24,生产与运营管理,Sustainable Operations Management,Paul R. Kleindorfer; Kalyan Singhal; Luk N. VanWassenhove,2005,2005-12-01,10.1111/j.1937-5956.2005.tb00235.x,https://openalex.org/W3125199730,https://doi.org/10.1111/j.1937-5956.2005.tb00235.x,1747,207,56.257,2026-07-12,Sustainable Supply Chain Management,Sustainable Supply Chain Management; Supply Chain Resilience and Risk Management; Quality and Supply Management,证据综合型,综述/理论整合/元分析,title_override:sustainable operations management,文献与已发表效应量,摘要未明确；需全文补录具体数据源、样本期与变量定义。,检索协议→纳排标准→编码→质量/偏倚评估→主题或效应综合→异质性→研究议程,以“Sustainable Supply Chain Management”为对象，采用综述/理论整合/元分析，属于证据综合型研究；具体识别、模型与数据细节以全文复核为准。,"Operations management researchers and practitioners face new challenges in integrating issues of sustainability with their traditional areas of interest. During the past 20 years, there has been growing pressure on businesses to pay more attention to the environmental and resource consequences of the products and services they offer and the processes they deploy. One symptom of this pressure is the movement towards…",True,abstract,待逐篇全文复核
P033,classic_high_cited,3,Production and Operations Management,1059-1478,UTD24,生产与运营管理,An Empirical Analysis of the Effect of Supply Chain Disruptions on Long‐Run Stock Price Performance and Equity Risk of the Firm,Kevin B. Hendricks; Vinod R. Singhal,2005,2005-01-03,10.1111/j.1937-5956.2005.tb00008.x,https://openalex.org/W2141640905,https://doi.org/10.1111/j.1937-5956.2005.tb00008.x,1306,181,47.707,2026-07-12,Risk Management in Financial Firms,Risk Management in Financial Firms; Supply Chain and Inventory Management; Supply Chain Resilience and Risk Management,实证解释型,回归/统计实证,empirical analysis,观察性微观/面板/交易数据,This paper investigates the long‐term stock price effects and equity risk effects of supply chain disruptions based on a sample of 827 disruption announcements made during 1989–2000.,理论框架→假设→构念/变量→样本与测量→统计模型→信效度/拟合→稳健性→理论与管理含义,以“Risk Management in Financial Firms”为对象，采用回归/统计实证，属于实证解释型研究；具体识别、模型与数据细节以全文复核为准。,This paper investigates the long‐term stock price effects and equity risk effects of supply chain disruptions based on a sample of 827 disruption announcements made during 1989–2000. Stock price effects are examined starting one year before through two years after the disruption announcement date. Over this time period the average abnormal stock returns of firms that experienced disruptions is nearly –40%. Much of…,True,abstract,待逐篇全文复核
P034,classic_high_cited,4,Production and Operations Management,1059-1478,UTD24,生产与运营管理,Channel Conflict and Coordination in the E‐Commerce Age,Andy A. Tsay; Narendra Agrawal,2004,2004-01-03,10.1111/j.1937-5956.2004.tb00147.x,https://openalex.org/W2158264113,https://doi.org/10.1111/j.1937-5956.2004.tb00147.x,1037,153,38.874,2026-07-12,Supply Chain and Inventory Management,Supply Chain and Inventory Management; Merger and Competition Analysis; Consumer Market Behavior and Pricing,解析型/机制解释,博弈论/机制与契约,channel conflict; channel coordination,模型参数/仿真或算例,"These include changes in wholesale pricing, paying the reseller a commission for diverting customers toward the direct channel, or conceding the demand fulfillment function entirely to the reseller.",现实现象→参与者与机制→效用/利润/约束→均衡或结构参数→比较静态→经验/数值校准→机制含义,以“Supply Chain and Inventory Management”为对象，采用博弈论/机制与契约，属于解析型/机制解释研究；具体识别、模型与数据细节以全文复核为准。,"A number of factors, including developments in Internet‐based commerce and third‐party logistics, have led many companies to consider engaging in direct sales. Such a company may at once be both a supplier to and a direct competitor of any existing reseller partners (e.g., land‐based retailers), which can result in “channel conflict.” This can have momentous implications for distribution strategy. To generate…",True,abstract,待逐篇全文复核
P035,classic_high_cited,5,Production and Operations Management,1059-1478,UTD24,生产与运营管理,LEAN AND GREEN? AN EMPIRICAL EXAMINATION OF THE RELATIONSHIP BETWEEN LEAN PRODUCTION AND ENVIRONMENTAL PERFORMANCE,Andrew A. King; Michael Lenox,2001,2001-09-01,10.1111/j.1937-5956.2001.tb00373.x,https://openalex.org/W2036417937,https://doi.org/10.1111/j.1937-5956.2001.tb00373.x,984,85,22.543,2026-07-12,Environmental Sustainability in Business,Environmental Sustainability in Business; Sustainable Supply Chain Management; Quality and Management Systems,实证解释型,回归/统计实证,empirical analysis; empirical examination,观察性微观/面板/交易数据,摘要未明确；需全文补录具体数据源、样本期与变量定义。,理论框架→假设→构念/变量→样本与测量→统计模型→信效度/拟合→稳健性→理论与管理含义,以“Environmental Sustainability in Business”为对象，采用回归/统计实证，属于实证解释型研究；具体识别、模型与数据细节以全文复核为准。,"Lean production may have a significant public good spillover—improved environmental performance. However, empirical evidence of the link between lean production practices and environmental performance has not resolved the nature of the relationship. To explore this issue, we conduct an empirical analysis of the environmental performance of 17,499 U.S. manufacturing establishments during the time period 1991–1996. We…",True,abstract,待逐篇全文复核
P036,recent_hot_2021_2025,1,Production and Operations Management,1059-1478,UTD24,生产与运营管理,Disruptive Technologies and Operations Management in the Industry 4.0 Era and Beyond,Tsan‐Ming Choi; Subodha Kumar; Xiaohang Yue; Hau‐Ling Chan,2021,2021-11-18,10.1111/poms.13622,https://openalex.org/W3212055144,https://doi.org/10.1111/poms.13622,616,424,188.906,2026-07-12,Blockchain Technology Applications and Security,Blockchain Technology Applications and Security; Digital Transformation in Industry; Ethics and Social Impacts of AI,证据综合型,综述/理论整合/元分析,research agenda,文献与已发表效应量,"In the Industry 4.0 era, automation and data analytics emerge as the major forces to enhance efficiency in operations management (OM).",检索协议→纳排标准→编码→质量/偏倚评估→主题或效应综合→异质性→研究议程,以“Blockchain Technology Applications and Security”为对象，采用综述/理论整合/元分析，属于证据综合型研究；具体识别、模型与数据细节以全文复核为准。,"In the Industry 4.0 era, automation and data analytics emerge as the major forces to enhance efficiency in operations management (OM). Disruptive technologies, such as artificial intelligence, robotics, blockchain, 3D printing, 5G, Internet‐of‐Thing, digital twins, and augmented reality, are widely applied. They potentially will bring a radical change to real world operations. In this study, we first explore several…",True,abstract,待逐篇全文复核
P037,recent_hot_2021_2025,2,Production and Operations Management,1059-1478,UTD24,生产与运营管理,Combating Copycats in the Supply Chain with Permissioned Blockchain Technology,Bin Shen; Ciwei Dong; Stefan Minner,2021,2021-05-13,10.1111/poms.13456,https://openalex.org/W3160847767,https://doi.org/10.1111/poms.13456,454,289,129.742,2026-07-12,Blockchain Technology Applications and Security,Blockchain Technology Applications and Security; Supply Chain and Inventory Management; Sustainable Supply Chain Management,解析型/机制解释,博弈论/机制与契约,title_override:combating copycats in the supply chain,模型参数/仿真或算例,"Although PBT implementation helps novice customers identify product authenticity and the real quality of products, that is, to take advantage of a quality disclosure effect , we show that, if and only if the number of novice customers is large enough, then selling through a PBT retailer can effectively combat copycats.",现实现象→参与者与机制→效用/利润/约束→均衡或结构参数→比较静态→经验/数值校准→机制含义,以“Blockchain Technology Applications and Security”为对象，采用博弈论/机制与契约，属于解析型/机制解释研究；具体识别、模型与数据细节以全文复核为准。,"The phenomenon of copycats is common in a wide range of industries. Recently, to indicate product authenticity and combat copycats, many brand name companies (BNCs) have started selling products through retailers. These BNCs deploy a scalable protocol that is integrated into a permissioned blockchain technology (PBT) platform. We examine how PBT combats copycats in the supply chain and how it benefits BNCs. Although…",True,abstract,待逐篇全文复核
P038,recent_hot_2021_2025,3,Production and Operations Management,1059-1478,UTD24,生产与运营管理,Blockchain Adoption for Combating Deceptive Counterfeits,Hubert Pun; Jayashankar M. Swaminathan; Pengwen Hou,2021,2021-01-23,10.1111/poms.13348,https://openalex.org/W3124510538,https://doi.org/10.1111/poms.13348,463,278,125.476,2026-07-12,Blockchain Technology Applications and Security,Blockchain Technology Applications and Security; Supply Chain and Inventory Management; Digital Platforms and Economics,解析型/机制解释,解析建模,we model,模型参数/仿真或算例,"While both types are important business challenge, deceptive counterfeit has an additional negative impact—customers have a post‐purchase regret if they expect to purchase a real product but ended up with a fake.",现实现象→参与者与机制→效用/利润/约束→均衡或结构参数→比较静态→经验/数值校准→机制含义,以“Blockchain Technology Applications and Security”为对象，采用解析建模，属于解析型/机制解释研究；具体识别、模型与数据细节以全文复核为准。,"Counterfeiting is a severe problem in many sectors. There are two types of counterfeits: non‐deceptive and deceptive. While both types are important business challenge, deceptive counterfeit has an additional negative impact—customers have a post‐purchase regret if they expect to purchase a real product but ended up with a fake. The focus of this study is on the setting that relates to deceptive counterfeits. Our…",True,abstract,待逐篇全文复核
P039,recent_hot_2021_2025,4,Production and Operations Management,1059-1478,UTD24,生产与运营管理,"Supplier Encroachment, Information Sharing, and Channel Structure in Online Retail Platforms",Albert Y. Ha; Huajiang Luo; Weixin Shang,2021,2021-11-01,10.1111/poms.13607,https://openalex.org/W3208567806,https://doi.org/10.1111/poms.13607,356,261,115.861,2026-07-12,Supply Chain and Inventory Management,Supply Chain and Inventory Management; Consumer Retail Behavior Studies; Consumer Market Behavior and Pricing,解析型/机制解释,博弈论/机制与契约,supplier encroachment; retail platforms; information sharing,模型参数/仿真或算例,摘要未明确；需全文补录具体数据源、样本期与变量定义。,现实现象→参与者与机制→效用/利润/约束→均衡或结构参数→比较静态→经验/数值校准→机制含义,以“Supply Chain and Inventory Management”为对象，采用博弈论/机制与契约，属于解析型/机制解释研究；具体识别、模型与数据细节以全文复核为准。,"In this study, we develop a game‐theoretic model to study the encroachment and information sharing decisions in a supply chain with a manufacturer selling through an online retail platform. In the base model, the manufacturer decides whether to encroach or not by selling through an agency channel, in addition to an existing reselling channel, at the same platform, who decides whether or not to share information with…",True,abstract,待逐篇全文复核
P040,recent_hot_2021_2025,5,Production and Operations Management,1059-1478,UTD24,生产与运营管理,How will artificial intelligence and Industry 4.0 emerging technologies transform operations management?,Sunil Mithas; Zhi‐Long Chen; Terence Saldanha; Alysson De Oliveira Silveira,2022,2022-09-08,10.1111/poms.13864,https://openalex.org/W4295007572,https://doi.org/10.1111/poms.13864,265,221,107.231,2026-07-12,Digital Transformation in Industry,Digital Transformation in Industry; Blockchain Technology Applications and Security; Supply Chain Resilience and Risk Management,证据综合型,综述/理论整合/元分析,title_override:how will artificial intelligence and industry 4 0,文献与已发表效应量,摘要未明确；需全文补录具体数据源、样本期与变量定义。,检索协议→纳排标准→编码→质量/偏倚评估→主题或效应综合→异质性→研究议程,以“Digital Transformation in Industry”为对象，采用综述/理论整合/元分析，属于证据综合型研究；具体识别、模型与数据细节以全文复核为准。,"Emerging technologies such as artificial intelligence, blockchain, additive manufacturing, advanced robotics, autonomous vehicles, and the Internet of Things are frequently mentioned as part of “Industry 4.0.” As such, how will they influence operations and supply chain management? We answer this question by providing a brief review of the evolution of technologies and operations management (OM) over time. Because…",True,abstract,待逐篇全文复核
P041,classic_high_cited,1,Journal of Operations Management,0272-6963,UTD24,运营管理实证与理论,The impact of supply chain integration on performance: A contingency and configuration approach,Barbara B. Flynn; Baofeng Huo; Xiande Zhao,2009,2009-06-17,10.1016/j.jom.2009.06.001,https://openalex.org/W2059663374,https://doi.org/10.1016/j.jom.2009.06.001,3240,630,175.728,2026-07-12,Quality and Supply Management,Quality and Supply Management; Sustainable Supply Chain Management; Supply Chain and Inventory Management,实证解释型,回归/统计实证,regression,观察性微观/面板/交易数据,摘要未明确；需全文补录具体数据源、样本期与变量定义。,理论框架→假设→构念/变量→样本与测量→统计模型→信效度/拟合→稳健性→理论与管理含义,以“Quality and Supply Management”为对象，采用回归/统计实证，属于实证解释型研究；具体识别、模型与数据细节以全文复核为准。,"Abstract This study extends the developing body of literature on supply chain integration (SCI), which is the degree to which a manufacturer strategically collaborates with its supply chain partners and collaboratively manages intra‐ and inter‐organizational processes, in order to achieve effective and efficient flows of products and services, information, money and decisions, to provide maximum value to the…",True,abstract,待逐篇全文复核
P042,classic_high_cited,2,Journal of Operations Management,0272-6963,UTD24,运营管理实证与理论,"Lean manufacturing: context, practice bundles, and performance",Rachna Shah; Peter T. Ward,2002,2002-10-30,10.1016/s0272-6963(02)00108-0,https://openalex.org/W1984103729,https://doi.org/10.1016/s0272-6963(02)00108-0,2867,272,71.802,2026-07-12,Quality and Supply Management,Quality and Supply Management; Innovation and Knowledge Management; Product Development and Customization,实证解释型,回归/统计实证,title_override:lean manufacturing context practice bundles,观察性微观/面板/交易数据,The study sample uses data from IndustryWeek ’s Census of Manufacturers.,理论框架→假设→构念/变量→样本与测量→统计模型→信效度/拟合→稳健性→理论与管理含义,以“Quality and Supply Management”为对象，采用回归/统计实证，属于实证解释型研究；具体识别、模型与数据细节以全文复核为准。,"Abstract Management literature has suggested that contextual factors may present strong inertial forces within organizations that inhibit implementations that appear technically rational [R.R. Nelson, S.G. Winter, An Evolutionary Theory of Economic Change, Harvard University Press, Cambridge, MA, 1982]. This paper examines the effects of three contextual factors, plant size, plant age and unionization status, on the…",True,abstract,待逐篇全文复核
P043,classic_high_cited,3,Journal of Operations Management,0272-6963,UTD24,运营管理实证与理论,Relationships between operational practices and performance among early adopters of green supply chain management practices in Chinese manufacturing enterprises,Qinghua Zhu; Joseph Sarkis,2004,2004-04-20,10.1016/j.jom.2004.01.005,https://openalex.org/W2090838176,https://doi.org/10.1016/j.jom.2004.01.005,2632,372,94.941,2026-07-12,Sustainable Supply Chain Management,Sustainable Supply Chain Management; Environmental Sustainability in Business; Quality and Supply Management,实证解释型,回归/统计实证,regression,观察性微观/面板/交易数据,摘要未明确；需全文补录具体数据源、样本期与变量定义。,理论框架→假设→构念/变量→样本与测量→统计模型→信效度/拟合→稳健性→理论与管理含义,以“Sustainable Supply Chain Management”为对象，采用回归/统计实证，属于实证解释型研究；具体识别、模型与数据细节以全文复核为准。,"Abstract Globalization results in both pressure and drivers for Chinese enterprises to improve their environmental performance. As a developing country, China has to balance economic and environmental performance. Green supply chain management (GSCM) is emerging to be an important approach for Chinese enterprises to improve performance, possibly on both these dimensions. Using empirical results from 186 respondents…",True,abstract,待逐篇全文复核
P044,classic_high_cited,4,Journal of Operations Management,0272-6963,UTD24,运营管理实证与理论,Arcs of integration: an international study of supply chain strategies,Markham T. Frohlich; Roy Westbrook,2001,2001-01-15,10.1016/s0272-6963(00)00055-3,https://openalex.org/W2142318226,https://doi.org/10.1016/s0272-6963(00)00055-3,2531,155,45.196,2026-07-12,Quality and Supply Management,Quality and Supply Management; Outsourcing and Supply Chain Management; Supply Chain and Inventory Management,实证解释型,结构方程/问卷实证,title_override:arcs of integration an international study,问卷/量表数据,"Abstract Though there is a wide acceptance of the strategic importance of integrating operations with suppliers and customers in supply chains, many questions remain unanswered about how best to characterize supply chain strategies.",理论框架→假设→构念/变量→样本与测量→统计模型→信效度/拟合→稳健性→理论与管理含义,以“Quality and Supply Management”为对象，采用结构方程/问卷实证，属于实证解释型研究；具体识别、模型与数据细节以全文复核为准。,"Abstract Though there is a wide acceptance of the strategic importance of integrating operations with suppliers and customers in supply chains, many questions remain unanswered about how best to characterize supply chain strategies. Is it more important to link with suppliers, customers, or both? Similarly, we know little about the connections between supplier and customer integration and improved operations…",True,abstract,待逐篇全文复核
P045,classic_high_cited,5,Journal of Operations Management,0272-6963,UTD24,运营管理实证与理论,Towards a theory of supply chain management: the constructs and measurements,Injazz J. Chen; Antony Paulraj,2004,2004-02-27,10.1016/j.jom.2003.12.007,https://openalex.org/W2117286234,https://doi.org/10.1016/j.jom.2003.12.007,2418,228,63.519,2026-07-12,Quality and Supply Management,Quality and Supply Management; Sustainable Supply Chain Management; Outsourcing and Supply Chain Management,实证解释型,结构方程/问卷实证,constructs and measurements,问卷/量表数据,"Abstract Rising international cooperation, vertical disintegration, along with a focus on core activities have led to the notion that firms are links in a networked supply chain.",理论框架→假设→构念/变量→样本与测量→统计模型→信效度/拟合→稳健性→理论与管理含义,以“Quality and Supply Management”为对象，采用结构方程/问卷实证，属于实证解释型研究；具体识别、模型与数据细节以全文复核为准。,"Abstract Rising international cooperation, vertical disintegration, along with a focus on core activities have led to the notion that firms are links in a networked supply chain. This novel perspective has created the challenge of designing and managing a network of interdependent relationships developed and fostered through strategic collaboration. Although research interests in supply chain management (SCM) are…",True,abstract,待逐篇全文复核
P046,recent_hot_2021_2025,1,Journal of Operations Management,0272-6963,UTD24,运营管理实证与理论,Strengthening supply chain resilience during COVID‐19: A case study of JD.com,Zuo‐Jun Max Shen; Yiqi Sun,2021,2021-10-18,10.1002/joom.1161,https://openalex.org/W3207270226,https://doi.org/10.1002/joom.1161,352,258,114.536,2026-07-12,Supply Chain Resilience and Risk Management,Supply Chain Resilience and Risk Management; Sustainable Supply Chain Management; Quality and Supply Management,探索/理论生成型,定性/案例研究,case study,访谈、档案或案例材料,"Using quantitative operational data obtained from JD.com https://www.jd.com ., this study analyzes the impact of the pandemic on supply chain resilience, summarizes the challenging scenarios that retailing supply chains experienced in China, and presents the practical response of JD.com throughout the pandemic.",现象与案例选择→资料采集→开放编码→范畴/机制→跨案例比较→理论命题→边界条件,以“Supply Chain Resilience and Risk Management”为对象，采用定性/案例研究，属于探索/理论生成型研究；具体识别、模型与数据细节以全文复核为准。,"Abstract The coronavirus/SARS‐CoV‐2 (COVID‐19) outbreak has caused severe supply chain disruptions in practically all industries worldwide. Online e‐commerce platforms, which interact directly with various industries and service numerous consumers, have become remarkable interfaces to observe the impacts of the pandemic on supply chains. Using quantitative operational data obtained from JD.com https://www.jd.com .,…",True,abstract,待逐篇全文复核
P047,recent_hot_2021_2025,2,Journal of Operations Management,0272-6963,UTD24,运营管理实证与理论,Antecedent configurations toward supply chain resilience: The joint impact of supply chain integration and big data analytics capability,Yisa Jiang; Taiwen Feng; Yufei Huang,2023,2023-12-17,10.1002/joom.1282,https://openalex.org/W4389870953,https://doi.org/10.1002/joom.1282,212,212,114.45,2026-07-12,Supply Chain Resilience and Risk Management,Supply Chain Resilience and Risk Management; Quality and Supply Management; Sustainable Supply Chain Management,因果解释型,因果推断/计量经济学,propensity score; survey data; machine learning; robustness; case study,观察性微观/面板/交易数据,"Based on a case study and resource orchestration theory, this article focuses on configurations of different antecedents regarding supply chain integration and big data analytics capability to develop proactive and reactive SCR.",理论机制→可检验假设→识别设计→样本与变量→估计→平行趋势/有效性→稳健性→机制与异质性,以“Supply Chain Resilience and Risk Management”为对象，采用因果推断/计量经济学，属于因果解释型研究；具体识别、模型与数据细节以全文复核为准。,"Abstract Many antecedents identified as essential to supply chain resilience (SCR) are often studied independently, without considering their synergistic effects. Based on a case study and resource orchestration theory, this article focuses on configurations of different antecedents regarding supply chain integration and big data analytics capability to develop proactive and reactive SCR. Using survey data from 277…",True,abstract,待逐篇全文复核
P048,recent_hot_2021_2025,3,Journal of Operations Management,0272-6963,UTD24,运营管理实证与理论,The effect of customer and supplier concentrations on firm resilience during the COVID‐19 pandemic: Resource dependence and power balancing,Shenyang Jiang; Andy C.L. Yeung; Zhaojun Han; Baofeng Huo,2023,2023-01-24,10.1002/joom.1236,https://openalex.org/W4319844248,https://doi.org/10.1002/joom.1236,222,207,112.325,2026-07-12,Supply Chain Resilience and Risk Management,Supply Chain Resilience and Risk Management; COVID-19 Pandemic Impacts; Innovation and Socioeconomic Development,实证解释型,回归/统计实证,title_override:customer and supplier concentrations on firm resilience,观察性微观/面板/交易数据,"Drawing on resource‐dependence theory (RDT), we theorize that shifts in demand and supply in different pandemic stages influence the effect of customer and supplier concentrations on firm resilience by altering the power dynamics between focal firms and their concentrated customers and suppliers.",理论框架→假设→构念/变量→样本与测量→统计模型→信效度/拟合→稳健性→理论与管理含义,以“Supply Chain Resilience and Risk Management”为对象，采用回归/统计实证，属于实证解释型研究；具体识别、模型与数据细节以全文复核为准。,"Abstract The COVID‐19 pandemic has created significant disruptions in both demand and supply. Our study makes use of such dramatic changes in demand and supply during the pandemic to examine resource dependence and power balancing/unbalancing issues in buyer–supplier relationships. Specifically, we investigate the effect of customer and supplier concentrations on firm resilience during the pandemic. Drawing on…",True,abstract,待逐篇全文复核
P049,recent_hot_2021_2025,4,Journal of Operations Management,0272-6963,UTD24,运营管理实证与理论,How information technology automates and augments processes: Insights from Artificial‐Intelligence‐based systems in professional service operations,Martin Spring; James Faulconbridge; Atif Sarwar,2022,2022-09-01,10.1002/joom.1215,https://openalex.org/W4296963432,https://doi.org/10.1002/joom.1215,217,192,92.822,2026-07-12,Robotic Process Automation Applications,Robotic Process Automation Applications; Big Data and Business Intelligence; Business Process Modeling and Analysis,探索/理论生成型,定性/案例研究,title_override:how information technology automates and augments processes,访谈、档案或案例材料,The study uses case‐based research in two law firms and two accountancy firms using AI‐based systems.,现象与案例选择→资料采集→开放编码→范畴/机制→跨案例比较→理论命题→边界条件,以“Robotic Process Automation Applications”为对象，采用定性/案例研究，属于探索/理论生成型研究；具体识别、模型与数据细节以全文复核为准。,"Abstract This study contributes to the technology management literature on the effects of IT on operations processes by examining the use of systems based on Artificial Intelligence (AI) in professional services. The paper builds on key concepts on AI, information systems, professional work, and professional services operations management. A model is developed to explain how AI‐based systems combine with humans to…",True,abstract,待逐篇全文复核
P050,recent_hot_2021_2025,5,Journal of Operations Management,0272-6963,UTD24,运营管理实证与理论,Customer base environmental disclosure and supplier greenhouse gas emissions: A signaling theory perspective,Sining Song; Jie Lian; Keith Skowronski; Tingting Yan,2023,2023-07-25,10.1002/joom.1272,https://openalex.org/W4385287671,https://doi.org/10.1002/joom.1272,158,156,84.425,2026-07-12,Sustainable Supply Chain Management,"Sustainable Supply Chain Management; Environmental Sustainability in Business; Energy, Environment, Economic Growth",因果解释型,因果推断/计量经济学,panel data,观察性微观/面板/交易数据,"Although suppliers' customers are increasingly signaling their commitment to tackling climate change through environmental disclosure, whether this signal contributes to supplier emissions reduction remains a question.",理论机制→可检验假设→识别设计→样本与变量→估计→平行趋势/有效性→稳健性→机制与异质性,以“Sustainable Supply Chain Management”为对象，采用因果推断/计量经济学，属于因果解释型研究；具体识别、模型与数据细节以全文复核为准。,"Abstract As suppliers' emissions contribute to a significant portion of the global environmental footprint, achieving supply chain wide carbon neutrality largely depends on suppliers' greenhouse gas (GHG) emissions reductions. Although suppliers' customers are increasingly signaling their commitment to tackling climate change through environmental disclosure, whether this signal contributes to supplier emissions…",True,abstract,待逐篇全文复核
P051,classic_high_cited,1,Information Systems Research,1047-7047,UTD24,信息系统,Information Systems Success: The Quest for the Dependent Variable,William DeLone; Ephraim R. McLean,1992,1992-03-01,10.1287/isre.3.1.60,https://openalex.org/W2057012437,https://doi.org/10.1287/isre.3.1.60,10631,873,193.294,2026-07-12,Technology Adoption and User Behaviour,Technology Adoption and User Behaviour; Information Technology Governance and Strategy; ERP Systems Implementation and Impact,理论构建型,概念/理论构建,title_override:information systems success the quest,摘要未明确,摘要未明确；需全文补录具体数据源、样本期与变量定义。,现象/悖论→概念界定→理论锚点→机制与命题→边界条件→可检验含义→后续验证议程,以“Technology Adoption and User Behaviour”为对象，采用概念/理论构建，属于理论构建型研究；具体识别、模型与数据细节以全文复核为准。,"A large number of studies have been conducted during the last decade and a half attempting to identify those factors that contribute to information systems success. However, the dependent variable in these studies—I/S success—has been an elusive one to define. Different researchers have addressed different aspects of success, making comparisons difficult and the prospect of building a cumulative tradition for I/S…",True,abstract,待逐篇全文复核
P052,classic_high_cited,2,Information Systems Research,1047-7047,UTD24,信息系统,Development of an Instrument to Measure the Perceptions of Adopting an Information Technology Innovation,Gary C. Moore; Izak Benbasat,1991,1991-09-01,10.1287/isre.2.3.192,https://openalex.org/W2100408980,https://doi.org/10.1287/isre.2.3.192,9089,829,176.204,2026-07-12,Technology Adoption and User Behaviour,Technology Adoption and User Behaviour; Innovation Diffusion and Forecasting; Knowledge Management and Sharing,实证解释型,结构方程/问卷实证,instrument to measure,问卷/量表数据,摘要未明确；需全文补录具体数据源、样本期与变量定义。,理论框架→假设→构念/变量→样本与测量→统计模型→信效度/拟合→稳健性→理论与管理含义,以“Technology Adoption and User Behaviour”为对象，采用结构方程/问卷实证，属于实证解释型研究；具体识别、模型与数据细节以全文复核为准。,This paper reports on the development of an instrument designed to measure the various perceptions that an individual may have of adopting an information technology (IT) innovation. This instrument is intended to be a tool for the study of the initial adoption and eventual diffusion of IT innovations within organizations. While the adoption of information technologies by individuals and organizations has been an…,True,abstract,待逐篇全文复核
P053,classic_high_cited,3,Information Systems Research,1047-7047,UTD24,信息系统,Understanding Information Technology Usage: A Test of Competing Models,Shirley Taylor; Peter Todd,1995,1995-06-01,10.1287/isre.6.2.144,https://openalex.org/W1987198869,https://doi.org/10.1287/isre.6.2.144,8745,794,181.53,2026-07-12,Technology Adoption and User Behaviour,Technology Adoption and User Behaviour; Digital Marketing and Social Media; Knowledge Management and Sharing,实证解释型,结构方程/问卷实证,technology acceptance model,问卷/量表数据,The models were compared using student data collected from 786 potential users of a computer resource center.,理论框架→假设→构念/变量→样本与测量→统计模型→信效度/拟合→稳健性→理论与管理含义,以“Technology Adoption and User Behaviour”为对象，采用结构方程/问卷实证，属于实证解释型研究；具体识别、模型与数据细节以全文复核为准。,"The Technology Acceptance Model and two variations of the Theory of Planned Behavior were compared to assess which model best helps to understand usage of information technology. The models were compared using student data collected from 786 potential users of a computer resource center. Behavior data was based on monitoring 3,780 visits to the resource center over a 12-week period. Weighted least squares estimation…",True,abstract,待逐篇全文复核
P054,classic_high_cited,4,Information Systems Research,1047-7047,UTD24,信息系统,A Partial Least Squares Latent Variable Modeling Approach for Measuring Interaction Effects: Results from a Monte Carlo Simulation Study and an Electronic-Mail Emotion/Adoption Study,Wynne W. Chin; Barbara L. Marcolin; Peter R. Newsted,2003,2003-06-01,10.1287/isre.14.2.189.16018,https://openalex.org/W2098685541,https://doi.org/10.1287/isre.14.2.189.16018,6465,832,210.442,2026-07-12,Technology Adoption and User Behaviour,Technology Adoption and User Behaviour; Digital Marketing and Social Media; Knowledge Management and Sharing,实证解释型,结构方程/问卷实证,partial least squares; survey of; latent variable; simulation study; monte carlo,问卷/量表数据,"In our survey of such studies, the majority failed to either detect or provide an estimate of the effect size.",理论框架→假设→构念/变量→样本与测量→统计模型→信效度/拟合→稳健性→理论与管理含义,以“Technology Adoption and User Behaviour”为对象，采用结构方程/问卷实证，属于实证解释型研究；具体识别、模型与数据细节以全文复核为准。,"The ability to detect and accurately estimate the strength of interaction effects are critical issues that are fundamental to social science research in general and IS research in particular. Within the IS discipline, a significant percentage of research has been devoted to examining the conditions and contexts under which relationships may vary, often under the general umbrella of contingency theory (cf. McKeen et…",True,abstract,待逐篇全文复核
P055,classic_high_cited,5,Information Systems Research,1047-7047,UTD24,信息系统,"Determinants of Perceived Ease of Use: Integrating Control, Intrinsic Motivation, and Emotion into the Technology Acceptance Model",Viswanath Venkatesh,2000,2000-12-01,10.1287/isre.11.4.342.11872,https://openalex.org/W2166982098,https://doi.org/10.1287/isre.11.4.342.11872,6423,799,189.643,2026-07-12,Technology Adoption and User Behaviour,Technology Adoption and User Behaviour; Digital Marketing and Social Media; Impact of Technology on Adolescents,实证解释型,结构方程/问卷实证,technology acceptance model; perceived ease of use,问卷/量表数据,摘要未明确；需全文补录具体数据源、样本期与变量定义。,理论框架→假设→构念/变量→样本与测量→统计模型→信效度/拟合→稳健性→理论与管理含义,以“Technology Adoption and User Behaviour”为对象，采用结构方程/问卷实证，属于实证解释型研究；具体识别、模型与数据细节以全文复核为准。,"Much previous research has established that perceived ease of use is an important factor influencing user acceptance and usage behavior of information technologies. However, very little research has been conducted to understand how that perception forms and changes over time. The current work presents and tests an anchoring and adjustment-based theoretical model of the determinants of system-specific perceived ease…",True,abstract,待逐篇全文复核
P056,recent_hot_2021_2025,1,Information Systems Research,1047-7047,UTD24,信息系统,Cognitive Challenges in Human–Artificial Intelligence Collaboration: Investigating the Path Toward Productive Delegation,Andreas Fügener; Jörn Grahl; Alok Gupta; Wolfgang Ketter,2021,2021-12-10,10.1287/isre.2021.1079,https://openalex.org/W4200195738,https://doi.org/10.1287/isre.2021.1079,400,325,143.089,2026-07-12,Ethics and Social Impacts of AI,Ethics and Social Impacts of AI; Artificial Intelligence in Healthcare and Education; AI in Service Interactions,因果解释型,实验研究,title_override:cognitive challenges in human artificial intelligence collaboration,实验生成数据,摘要未明确；需全文补录具体数据源、样本期与变量定义。,理论机制→可检验假设→识别设计→样本与变量→估计→平行趋势/有效性→稳健性→机制与异质性,以“Ethics and Social Impacts of AI”为对象，采用实验研究，属于因果解释型研究；具体识别、模型与数据细节以全文复核为准。,A consensus is beginning to emerge that the next phase of artificial intelligence (AI) induction in business organizations will require humans to work with AI in a variety of work arrangements. This article explores the issues related to human capabilities to work with AI. A key to working in many work arrangements is the ability to delegate work to entities that can do them most efficiently. Modern AI can do a…,True,abstract,待逐篇全文复核
P057,recent_hot_2021_2025,2,Information Systems Research,1047-7047,UTD24,信息系统,Augmenting Medical Diagnosis Decisions? An Investigation into Physicians’ Decision-Making Process with Artificial Intelligence,Ekaterina Jussupow; Kai Spohrer; Armin Heinzl; Joshua Gawlitza,2021,2021-02-26,10.1287/isre.2020.0980,https://openalex.org/W3082837871,https://doi.org/10.1287/isre.2020.0980,388,290,128.5,2026-07-12,Artificial Intelligence in Healthcare and Education,Artificial Intelligence in Healthcare and Education; Clinical Reasoning and Diagnostic Skills; Radiology practices and education,因果解释型,实验研究,title_override:augmenting medical diagnosis decisions,实验生成数据,"In experiments with 68 novice and 12 experienced physicians, novice physicians with and without clinical experience as well as experienced radiologists made more inaccurate diagnosis decisions when provided with incorrect AI advice than without advice at all.",理论机制→可检验假设→识别设计→样本与变量→估计→平行趋势/有效性→稳健性→机制与异质性,以“Artificial Intelligence in Healthcare and Education”为对象，采用实验研究，属于因果解释型研究；具体识别、模型与数据细节以全文复核为准。,"Systems based on artificial intelligence (AI) increasingly support physicians in diagnostic decisions, but they are not without errors and biases. Failure to detect those may result in wrong diagnoses and medical errors. Compared with rule-based systems, however, these systems are less transparent and their errors less predictable. Thus, it is difficult, yet critical, for physicians to carefully evaluate AI advice.…",True,abstract,待逐篇全文复核
P058,recent_hot_2021_2025,3,Information Systems Research,1047-7047,UTD24,信息系统,The Janus Effect of Generative AI: Charting the Path for Responsible Conduct of Scholarly Activities in Information Systems,Anjana Susarla; Ram D. Gopal; Jason Bennett Thatcher; Suprateek Sarker,2023,2023-05-26,10.1287/isre.2023.ed.v34.n2,https://openalex.org/W4378390530,https://doi.org/10.1287/isre.2023.ed.v34.n2,252,229,124.45,2026-07-12,Artificial Intelligence in Healthcare and Education,"Artificial Intelligence in Healthcare and Education; Ethics and Social Impacts of AI; Law, AI, and Intellectual Property",理论构建型,概念/理论构建,title_override:janus effect of generative ai,摘要未明确,摘要未明确；需全文补录具体数据源、样本期与变量定义。,现象/悖论→概念界定→理论锚点→机制与命题→边界条件→可检验含义→后续验证议程,以“Artificial Intelligence in Healthcare and Education”为对象，采用概念/理论构建，属于理论构建型研究；具体识别、模型与数据细节以全文复核为准。,"Funding: A. Susarla was funded by an R01 grant from the National Library of Medicine, through [Grant R01LM013443].",True,abstract,待逐篇全文复核
P059,recent_hot_2021_2025,4,Information Systems Research,1047-7047,UTD24,信息系统,Bots with Feelings: Should AI Agents Express Positive Emotion in Customer Service?,Elizabeth Han; Dezhi Yin; Han Zhang,2022,2022-12-02,10.1287/isre.2022.1179,https://openalex.org/W4311111985,https://doi.org/10.1287/isre.2022.1179,260,245,117.815,2026-07-12,AI in Service Interactions,AI in Service Interactions; Psychology of Moral and Emotional Judgment; Sentiment Analysis and Opinion Mining,因果解释型,实验研究,controlled experiment,实验生成数据,"This research explores how, when, and why an AI agent’s expression of positive emotion affects customers’ service evaluations.",理论机制→可检验假设→识别设计→样本与变量→估计→平行趋势/有效性→稳健性→机制与异质性,以“AI in Service Interactions”为对象，采用实验研究，属于因果解释型研究；具体识别、模型与数据细节以全文复核为准。,"The rise of emotional intelligence technology and the recent debate about the possibility of a “sentient” artificial intelligence (AI) urge the need to study the role of emotion during people’s interactions with AIs. In customer service, human employees are increasingly replaced by AI agents, such as chatbots, and often these AI agents are equipped with emotion-expressing capabilities to replicate the positive…",True,abstract,待逐篇全文复核
P060,recent_hot_2021_2025,5,Information Systems Research,1047-7047,UTD24,信息系统,Expl(AI)ned: The Impact of Explainable Artificial Intelligence on Users’ Information Processing,Kevin Bauer; Moritz von Zahn; Oliver Hinz,2023,2023-03-03,10.1287/isre.2023.1199,https://openalex.org/W4323048183,https://doi.org/10.1287/isre.2023.1199,232,217,117.7,2026-07-12,Explainable Artificial Intelligence (XAI),Explainable Artificial Intelligence (XAI); Ethics and Social Impacts of AI; Adversarial Robustness in Machine Learning,预测型/计算型,机器学习/文本与预测分析,machine learning; robustness,观察数据/数字痕迹/文本/时序,"Although future regulations increasingly advocate that AI applications must be interpretable by users, we know little about how such explainability can affect human information processing.",预测/分类任务→数据与标签→特征/表示→训练与验证→基线比较→误差与解释→决策/部署约束,以“Explainable Artificial Intelligence (XAI)”为对象，采用机器学习/文本与预测分析，属于预测型/计算型研究；具体识别、模型与数据细节以全文复核为准。,"Although future regulations increasingly advocate that AI applications must be interpretable by users, we know little about how such explainability can affect human information processing. By conducting two experimental studies, we help to fill this gap. We show that explanations pave the way for AI systems to reshape users' understanding of the world around them. Specifically, state-of-the-art explainability…",True,abstract,待逐篇全文复核
P061,classic_high_cited,1,MIS Quarterly,0276-7783,UTD24; AIS Senior Scholars' Basket,信息系统,"Perceived Usefulness, Perceived Ease of Use, and User Acceptance of Information Technology",Fred D. Davis,1989,1989-09-01,10.2307/249008,https://openalex.org/W1791587663,https://doi.org/10.2307/249008,65030,16805,2982.991,2026-07-12,Technology Adoption and User Behaviour,Technology Adoption and User Behaviour; Knowledge Management and Sharing; Digital Marketing and Social Media,实证解释型,结构方程/问卷实证,technology acceptance model; user acceptance of information technology; perceived ease of use; perceived usefulness,问卷/量表数据,Definitions for these two variables were used to develop scale items that were pretested for content validity and then tested for reliability and construct validity in two studies involving a total of 152 users and four application programs.,理论框架→假设→构念/变量→样本与测量→统计模型→信效度/拟合→稳健性→理论与管理含义,以“Technology Adoption and User Behaviour”为对象，采用结构方程/问卷实证，属于实证解释型研究；具体识别、模型与数据细节以全文复核为准。,"Valid measurement scales for predicting user acceptance of computers are in short supply. Most subjective measures used in practice are unvalidated, and their relationship to system usage is unknown. The present research develops and validates new scales for two specific variables, perceived usefulness and perceived ease of use, which are hypothesized to be fundamental determinants of user acceptance. Definitions…",True,abstract,待逐篇全文复核
P062,classic_high_cited,2,MIS Quarterly,0276-7783,UTD24; AIS Senior Scholars' Basket,信息系统,User Acceptance of Information Technology: Toward A Unified View1,Venkatesh; Michael G. Morris; Gordon B. Davis; Fred D. Davis,2003,2003-09-01,10.2307/30036540,https://openalex.org/W2100379340,https://doi.org/10.2307/30036540,42774,12047,2726.625,2026-07-12,Technology Adoption and User Behaviour,Technology Adoption and User Behaviour; Digital Marketing and Social Media; Customer Service Quality and Loyalty,实证解释型,结构方程/问卷实证,technology acceptance model; user acceptance of information technology,问卷/量表数据,"Using data from four organizations over a six-month period with three points of measurement, the eight models explained between 17 percent and 53 percent of the variance in user intentions to use information technology.",理论框架→假设→构念/变量→样本与测量→统计模型→信效度/拟合→稳健性→理论与管理含义,以“Technology Adoption and User Behaviour”为对象，采用结构方程/问卷实证，属于实证解释型研究；具体识别、模型与数据细节以全文复核为准。,"Information technology (IT) acceptance research has yielded many competing models, each with different sets of acceptance determinants. In this paper, we (1) review user acceptance literature and discuss eight prominent models, (2) empirically compare the eight models and their extensions, (3) formulate a unified model that integrates elements across the eight models, and (4) empirically validate the unified model.…",True,abstract,待逐篇全文复核
P063,classic_high_cited,3,MIS Quarterly,0276-7783,UTD24; AIS Senior Scholars' Basket,信息系统,Consumer Acceptance and Use of Information Technology: Extending the Unified Theory of Acceptance and Use of Technology1,Venkatesh; James Y.L. Thong; Xu,2012,2012-03-01,10.2307/41410412,https://openalex.org/W3125976894,https://doi.org/10.2307/41410412,14804,5564,1584.917,2026-07-12,Technology Adoption and User Behaviour,Technology Adoption and User Behaviour; Digital Marketing and Social Media; Innovation Diffusion and Forecasting,实证解释型,结构方程/问卷实证,technology acceptance model,问卷/量表数据,"Results from a two-stage online survey, with technology use data collected four months after the first survey, of 1,512 mobile Internet consumers supported our model.",理论框架→假设→构念/变量→样本与测量→统计模型→信效度/拟合→稳健性→理论与管理含义,以“Technology Adoption and User Behaviour”为对象，采用结构方程/问卷实证，属于实证解释型研究；具体识别、模型与数据细节以全文复核为准。,"This paper extends the unified theory of acceptance and use of technology (UTAUT) to study acceptance and use of technology in a consumer context. Our proposed UTAUT2 incorporates three constructs into UTAUT: hedonic motivation, price value, and habit. Individual differences—namely, age, gender, and experience—are hypothesized to moderate the effects of these constructs on behavioral intention and technology use.…",True,abstract,待逐篇全文复核
P064,classic_high_cited,4,MIS Quarterly,0276-7783,UTD24; AIS Senior Scholars' Basket,信息系统,Design Science in Information Systems Research1,Alan R. Hevner; March March; Jinsoo Park; Sudha Ram,2004,2004-03-01,10.2307/25148625,https://openalex.org/W3151685851,https://doi.org/10.2307/25148625,10012,2085,500.257,2026-07-12,Information Systems Theories and Implementation,Information Systems Theories and Implementation,设计构建型,设计科学/构建研究,design science,需求/场景证据 + 构建与评估数据,摘要未明确；需全文补录具体数据源、样本期与变量定义。,问题/需求→设计目标→构件与机制→原型实现→技术/实验/场景评估→迭代→设计原则与边界,以“Information Systems Theories and Implementation”为对象，采用设计科学/构建研究，属于设计构建型研究；具体识别、模型与数据细节以全文复核为准。,Two paradigms characterize much of the research in the Information Systems discipline: behavioral science and design science. The behavioral-science paradigm seeks to develop and verify theories that explain or predict human or organizational behavior. The design-science paradigm seeks to extend the boundaries of human and organizational capabilities by creating new and innovative artifacts. Both paradigms are…,True,abstract,待逐篇全文复核
P065,classic_high_cited,5,MIS Quarterly,0276-7783,UTD24; AIS Senior Scholars' Basket,信息系统,"Review : Knowledge Management and Knowledge Management Systems: Conceptual Foundations And Research Issues1,2",Maryam Alavi; Dorothy E. Leidner,2001,2001-03-01,10.2307/3250961,https://openalex.org/W2098118776,https://doi.org/10.2307/3250961,9973,849,224.235,2026-07-12,Competitive and Knowledge Intelligence,Competitive and Knowledge Intelligence; Big Data and Business Intelligence; Knowledge Management and Sharing,证据综合型,综述/理论整合/元分析,literature review; conceptual foundations,文献与已发表效应量,摘要未明确；需全文补录具体数据源、样本期与变量定义。,检索协议→纳排标准→编码→质量/偏倚评估→主题或效应综合→异质性→研究议程,以“Competitive and Knowledge Intelligence”为对象，采用综述/理论整合/元分析，属于证据综合型研究；具体识别、模型与数据细节以全文复核为准。,"Knowledge is a broad and abstract notion that has defined epistemological debate in western philosophy since the classical Greek era. In the past few years, however, there has been a growing interest in treating knowledge as a significant organizational resource. Consistent with the interest in organizational knowledge and knowledge management (KM), IS researchers have begun promoting a class of information systems,…",True,abstract,待逐篇全文复核
P066,recent_hot_2021_2025,1,MIS Quarterly,0276-7783,UTD24; AIS Senior Scholars' Basket,信息系统,Managing Artificial Intelligence,Nicholas Berente; Bin Gu; Jan Recker; Radhika Santhanam,2021,2021-09-01,10.25300/misq/2021/16274,https://openalex.org/W4413478458,https://doi.org/10.25300/misq/2021/16274,455,409,178.757,2026-07-12,Blockchain Technology Applications and Security,Blockchain Technology Applications and Security; Ethics and Social Impacts of AI; Big Data and Business Intelligence,理论构建型,概念/理论构建,managing artificial intelligence,摘要未明确,摘要未明确；需全文补录具体数据源、样本期与变量定义。,现象/悖论→概念界定→理论锚点→机制与命题→边界条件→可检验含义→后续验证议程,以“Blockchain Technology Applications and Security”为对象，采用概念/理论构建，属于理论构建型研究；具体识别、模型与数据细节以全文复核为准。,"Managing artificial intelligence (AI) marks the dawn of a new age of information technology management. Managing AI involves communicating, leading, coordinating, and controlling an ever-evolving frontier of computational advancements that references human intelligence in addressing ever more complex decisionmaking problems. It means making decisions about three related, interdependent facets of AI—autonomy,…",True,abstract,待逐篇全文复核
P067,recent_hot_2021_2025,2,MIS Quarterly,0276-7783,UTD24; AIS Senior Scholars' Basket,信息系统,The Next Generation of Research on IS Use: A Theoretical Framework of Delegation to and from Agentic IS Artifacts,Aaron Baird; Likoebe M. Maruping,2021,2021-03-01,10.25300/misq/2021/15882,https://openalex.org/W3142805939,https://doi.org/10.25300/misq/2021/15882,410,304,134.766,2026-07-12,Information Systems Theories and Implementation,Information Systems Theories and Implementation; Open Source Software Innovations; Service and Product Innovation,理论构建型,概念/理论构建,theoretical framework,摘要未明确,"Information systems (IS) use, the dominant theoretical paradigm for explaining how users apply IS artifacts toward goal attainment, gives primacy to human agency in the user–IS artifact relationship.",现象/悖论→概念界定→理论锚点→机制与命题→边界条件→可检验含义→后续验证议程,以“Information Systems Theories and Implementation”为对象，采用概念/理论构建，属于理论构建型研究；具体识别、模型与数据细节以全文复核为准。,"Information systems (IS) use, the dominant theoretical paradigm for explaining how users apply IS artifacts toward goal attainment, gives primacy to human agency in the user–IS artifact relationship. Models and theorizing in the IS use research stream tend to treat the IS artifact as a passive tool; lacking in the ability to initiate action and accept rights and responsibilities for achieving optimal outcomes under…",True,abstract,待逐篇全文复核
P068,recent_hot_2021_2025,3,MIS Quarterly,0276-7783,UTD24; AIS Senior Scholars' Basket,信息系统,Algorithmic Management of Work on Online Labor Platforms: When Matching Meets Control,Mareike Möhlmann; Lior Zalmanson; Ola Henfridsson; Robert Wayne Gregory,2021,2021-12-01,10.25300/misq/2021/15333,https://openalex.org/W3182101616,https://doi.org/10.25300/misq/2021/15333,413,293,130.35,2026-07-12,Digital Economy and Work Transformation,Digital Economy and Work Transformation; Sharing Economy and Platforms,探索/理论生成型,定性/案例研究,qualitative study; grounded theory,访谈、档案或案例材料,摘要未明确；需全文补录具体数据源、样本期与变量定义。,现象与案例选择→资料采集→开放编码→范畴/机制→跨案例比较→理论命题→边界条件,以“Digital Economy and Work Transformation”为对象，采用定性/案例研究，属于探索/理论生成型研究；具体识别、模型与数据细节以全文复核为准。,"Online labor platforms (OLPs) can use algorithms along two dimensions: matching and control. While previous research has paid considerable attention to how OLPs optimize matching and accommodate market needs, OLPs can also employ algorithms to monitor and tightly control platform work. In this paper, we examine the nature of platform work on OLPs, and the role of algorithmic management in organizing how such work is…",True,abstract,待逐篇全文复核
P069,recent_hot_2021_2025,4,MIS Quarterly,0276-7783,UTD24; AIS Senior Scholars' Basket,信息系统,Will Humans-in-the-Loop Become Borgs? Merits and Pitfalls of Working with AI,Andreas Fügener; Jörn Grahl; Alok Gupta; Wolfgang Ketter,2021,2021-09-01,10.25300/misq/2021/16553,https://openalex.org/W3201195645,https://doi.org/10.25300/misq/2021/16553,271,203,90.058,2026-07-12,Ethics and Social Impacts of AI,Ethics and Social Impacts of AI,规范型/处方型,随机过程/动态规划/仿真,simulation study,模型参数/仿真或算例,"We analyze how advice from an AI affects complementarities between humans and AI, in particular what humans know that an AI does not know: “unique human knowledge.” In a multi-method study consisting of an analytical model, experimental studies, and a simulation study, our main finding is that human choices converge…",管理决策→系统边界与假设→目标函数/约束→算法或求解器→理论性质→算例/仿真→敏感性→管理洞见,以“Ethics and Social Impacts of AI”为对象，采用随机过程/动态规划/仿真，属于规范型/处方型研究；具体识别、模型与数据细节以全文复核为准。,"We analyze how advice from an AI affects complementarities between humans and AI, in particular what humans know that an AI does not know: “unique human knowledge.” In a multi-method study consisting of an analytical model, experimental studies, and a simulation study, our main finding is that human choices converge toward similar responses improving individual accuracy. However, as overall individual accuracy of…",True,abstract,待逐篇全文复核
P070,recent_hot_2021_2025,5,MIS Quarterly,0276-7783,UTD24; AIS Senior Scholars' Basket,信息系统,When the Machine Meets the Expert: An Ethnography of Developing AI for Hiring,Elmira van den Broek; Anastasia Sergeeva; Marleen Huysman,2021,2021-09-01,10.25300/misq/2021/16559,https://openalex.org/W3181262202,https://doi.org/10.25300/misq/2021/16559,299,198,88.716,2026-07-12,Ethics and Social Impacts of AI,Ethics and Social Impacts of AI; Information Systems Theories and Implementation; Big Data and Business Intelligence,预测型/计算型,机器学习/文本与预测分析,machine learning; ethnograph,观察数据/数字痕迹/文本/时序,The introduction of machine learning (ML) in organizations comes with the claim that algorithms will produce insights superior to those of experts by discovering the “truth” from data.,预测/分类任务→数据与标签→特征/表示→训练与验证→基线比较→误差与解释→决策/部署约束,以“Ethics and Social Impacts of AI”为对象，采用机器学习/文本与预测分析，属于预测型/计算型研究；具体识别、模型与数据细节以全文复核为准。,The introduction of machine learning (ML) in organizations comes with the claim that algorithms will produce insights superior to those of experts by discovering the “truth” from data. Such a claim gives rise to a tension between the need to produce knowledge independent of domain experts and the need to remain relevant to the domain the system serves. This two-year ethnographic study focuses on how developers…,True,abstract,待逐篇全文复核
P071,classic_high_cited,1,INFORMS Journal on Computing,1091-9856,UTD24,计算方法与运筹算法,Tabu Search—Part II,Fred Glover,1990,1990-02-01,10.1287/ijoc.2.1.4,https://openalex.org/W2104670598,https://doi.org/10.1287/ijoc.2.1.4,5644,139,45.897,2026-07-12,Optimization and Search Problems,Optimization and Search Problems; Constraint Satisfaction and Optimization; Metaheuristic Optimization Algorithms Research,实证解释型,结构方程/问卷实证,survey of; neural network; integer programming; linear programming; metaheuristic,问卷/量表数据,"Finally, the paper concludes with a brief survey of new applications of tabu search that have occurred since the developments reported in Part I.",理论框架→假设→构念/变量→样本与测量→统计模型→信效度/拟合→稳健性→理论与管理含义,以“Optimization and Search Problems”为对象，采用结构方程/问卷实证，属于实证解释型研究；具体识别、模型与数据细节以全文复核为准。,"This is the second half of a two part series devoted to the tabu search metastrategy for optimization problems. Part I introduced the fundamental ideas of tabu search as an approach for guiding other heuristics to overcome the limitations of local optimality, both in a deterministic and a probabilistic framework. Part I also reported successful applications from a wide range of settings, in which tabu search…",True,abstract,待逐篇全文复核
P072,classic_high_cited,2,INFORMS Journal on Computing,1091-9856,UTD24,计算方法与运筹算法,Tabu Search—Part I,Fred Glover,1989,1989-08-01,10.1287/ijoc.1.3.190,https://openalex.org/W4246598646,https://doi.org/10.1287/ijoc.1.3.190,4981,427,89.093,2026-07-12,Constraint Satisfaction and Optimization,Constraint Satisfaction and Optimization; Vehicle Routing Optimization Methods; Optimization and Search Problems,预测型/计算型,机器学习/文本与预测分析,neural network; mixed integer; integer programming; vehicle routing; traveling salesman; travelling salesman,观察数据/数字痕迹/文本/时序,Included are illustrative data structures for implementing the tabu conditions (and associated aspiration criteria) that underlie these processes.,预测/分类任务→数据与标签→特征/表示→训练与验证→基线比较→误差与解释→决策/部署约束,以“Constraint Satisfaction and Optimization”为对象，采用机器学习/文本与预测分析，属于预测型/计算型研究；具体识别、模型与数据细节以全文复核为准。,"This paper presents the fundamental principles underlying tabu search as a strategy for combinatorial optimization problems. Tabu search has achieved impressive practical successes in applications ranging from scheduling and computer channel balancing to cluster analysis and space planning, and more recently has demonstrated its value in treating classical problems such as the traveling salesman and graph coloring…",True,abstract,待逐篇全文复核
P073,classic_high_cited,3,INFORMS Journal on Computing,1091-9856,UTD24,计算方法与运筹算法,TSPLIB—A Traveling Salesman Problem Library,Gerhard Reinelt,1991,1991-11-01,10.1287/ijoc.3.4.376,https://openalex.org/W2163428398,https://doi.org/10.1287/ijoc.3.4.376,2579,350,69.246,2026-07-12,Metaheuristic Optimization Algorithms Research,Metaheuristic Optimization Algorithms Research; Scheduling and Timetabling Solutions,规范型/处方型,优化与算法,metaheuristic; traveling salesman; travelling salesman,模型参数/仿真或算例,摘要未明确；需全文补录具体数据源、样本期与变量定义。,管理决策→系统边界与假设→目标函数/约束→算法或求解器→理论性质→算例/仿真→敏感性→管理洞见,以“Metaheuristic Optimization Algorithms Research”为对象，采用优化与算法，属于规范型/处方型研究；具体识别、模型与数据细节以全文复核为准。,"This paper contains the description of a traveling salesman problem library (TSPLIB) which is meant to provide researchers with a broad set of test problems from various sources and with various properties. For every problem a short description is given along with known lower and upper bounds. Several references to computational tests on some of the problems are given. INFORMS Journal on Computing, ISSN 1091-9856,…",True,abstract,待逐篇全文复核
P074,classic_high_cited,4,INFORMS Journal on Computing,1091-9856,UTD24,计算方法与运筹算法,Genetic Algorithms and Random Keys for Sequencing and Optimization,James C. Bean,1994,1994-05-01,10.1287/ijoc.6.2.154,https://openalex.org/W2168079536,https://doi.org/10.1287/ijoc.6.2.154,1502,137,30.85,2026-07-12,Scheduling and Optimization Algorithms,Scheduling and Optimization Algorithms; Metaheuristic Optimization Algorithms Research; Optimization and Search Problems,规范型/处方型,优化与算法,metaheuristic,模型参数/仿真或算例,摘要未明确；需全文补录具体数据源、样本期与变量定义。,管理决策→系统边界与假设→目标函数/约束→算法或求解器→理论性质→算例/仿真→敏感性→管理洞见,以“Scheduling and Optimization Algorithms”为对象，采用优化与算法，属于规范型/处方型研究；具体识别、模型与数据细节以全文复核为准。,"In this paper we present a general genetic algorithm to address a wide variety of sequencing and optimization problems including multiple machine scheduling, resource allocation, and the quadratic assignment problem. When addressing such problems, genetic algorithms typically have difficulty maintaining feasibility from parent to offspring. This is overcome with a robust representation technique called random keys.…",True,abstract,待逐篇全文复核
P075,classic_high_cited,5,INFORMS Journal on Computing,1091-9856,UTD24,计算方法与运筹算法,Combinatorial Auctions: A Survey,Sven de Vries; Rakesh Vohra,2003,2003-08-01,10.1287/ijoc.15.3.284.16077,https://openalex.org/W2110383956,https://doi.org/10.1287/ijoc.15.3.284.16077,998,45,15.627,2026-07-12,Auction Theory and Applications,Auction Theory and Applications; Consumer Market Behavior and Pricing; Transportation and Mobility Innovations,解析型/机制解释,博弈论/机制与契约,auction,模型参数/仿真或算例,This paper surveys the state of knowledge about the design of combinatorial auctions and presents some new insights.,现实现象→参与者与机制→效用/利润/约束→均衡或结构参数→比较静态→经验/数值校准→机制含义,以“Auction Theory and Applications”为对象，采用博弈论/机制与契约，属于解析型/机制解释研究；具体识别、模型与数据细节以全文复核为准。,"Many auctions involve the sale of a variety of distinct assets. Examples are airport time slots, delivery routes, network routing, and furniture. Because of complementarities or substitution effects between the different assets, bidders have preferences not just for particular items but for sets of items. For this reason, economic efficiency is enhanced if bidders are allowed to bid on bundles or combinations of…",True,abstract,待逐篇全文复核
P076,recent_hot_2021_2025,1,INFORMS Journal on Computing,1091-9856,UTD24,计算方法与运筹算法,Mixed-Integer Programming vs. Constraint Programming for Shop Scheduling Problems: New Results and Outlook,Bahman Naderi; Rubén Ruíz; Vahid Roshanaei,2023,2023-03-22,10.1287/ijoc.2023.1287,https://openalex.org/W4353070770,https://doi.org/10.1287/ijoc.2023.1287,88,81,44.3,2026-07-12,Scheduling and Optimization Algorithms,Scheduling and Optimization Algorithms; Assembly Line Balancing Optimization; Constraint Satisfaction and Optimization,规范型/处方型,优化与算法,mixed-integer; integer programming; scheduling problem; shop scheduling,模型参数/仿真或算例,"The computational campaign encompasses almost 6,623 experiments and evaluates the MIP and CP models along five dimensions of problem characteristics, objective function, decision variables, input parameters, and quality of bounds.",管理决策→系统边界与假设→目标函数/约束→算法或求解器→理论性质→算例/仿真→敏感性→管理洞见,以“Scheduling and Optimization Algorithms”为对象，采用优化与算法，属于规范型/处方型研究；具体识别、模型与数据细节以全文复核为准。,"Constraint programming (CP) has been recently in the spotlight after new CP-based procedures have been incorporated into state-of-the-art solvers, most notably the CP Optimizer from IBM. Classical CP solvers were only capable of guaranteeing the optimality of a solution, but they could not provide bounds for the integer feasible solutions found if interrupted prematurely due to, say, time limits. New versions,…",True,abstract,待逐篇全文复核
P077,recent_hot_2021_2025,2,INFORMS Journal on Computing,1091-9856,UTD24,计算方法与运筹算法,PyVRP: A High-Performance VRP Solver Package,Niels A. Wouda; Leon Lan; Wouter Kool,2024,2024-01-29,10.1287/ijoc.2023.0055,https://openalex.org/W4391315348,https://doi.org/10.1287/ijoc.2023.0055,52,51,32.622,2026-07-12,Vehicle Routing Optimization Methods,Vehicle Routing Optimization Methods; Metaheuristic Optimization Algorithms Research; Advanced Multi-Objective Optimization Algorithms,规范型/处方型,优化与算法,metaheuristic; vehicle routing; routing problem; solver package,模型参数/仿真或算例,"Through numerical experiments, we show that PyVRP achieves state-of-the-art results on the VRPTW and capacitated VRP.",管理决策→系统边界与假设→目标函数/约束→算法或求解器→理论性质→算例/仿真→敏感性→管理洞见,以“Vehicle Routing Optimization Methods”为对象，采用优化与算法，属于规范型/处方型研究；具体识别、模型与数据细节以全文复核为准。,"We introduce PyVRP, a Python package that implements hybrid genetic search in a state-of-the-art vehicle routing problem (VRP) solver. The package is designed for the VRP with time windows (VRPTW) but can be easily extended to support other VRP variants. PyVRP combines the flexibility of Python with the performance of C++ by implementing (only) performance-critical parts of the algorithm in C++ while being fully…",True,abstract,待逐篇全文复核
P078,recent_hot_2021_2025,3,INFORMS Journal on Computing,1091-9856,UTD24,计算方法与运筹算法,Integrated Backup Rolling Stock Allocation and Timetable Rescheduling with Uncertain Time-Variant Passenger Demand Under Disruptive Events,Jiateng Yin; Lixing Yang; Andrea D’Ariano; Tao Tang; Ziyou Gao,2022,2022-09-21,10.1287/ijoc.2022.1233,https://openalex.org/W4296714551,https://doi.org/10.1287/ijoc.2022.1233,64,52,25.622,2026-07-12,Railway Systems and Energy Efficiency,Railway Systems and Energy Efficiency; Transportation Planning and Optimization; Transportation and Mobility Innovations,规范型/处方型,优化与算法,stochastic programming; case studies,模型参数/仿真或算例,Real-world case studies based on historical data from the Beijing metro verify the effectiveness of the proposed approach in reducing the travel time for passengers.,管理决策→系统边界与假设→目标函数/约束→算法或求解器→理论性质→算例/仿真→敏感性→管理洞见,以“Railway Systems and Energy Efficiency”为对象，采用优化与算法，属于规范型/处方型研究；具体识别、模型与数据细节以全文复核为准。,"Railway traffic management focuses on regulating train movements and delivering improved service quality to passengers; however, such efforts are subject to many uncertainties in terms of disruptions and passenger demand on a rail transit line. In contrast to most existing studies, which focus on the rescheduling of passenger timetables in a deterministic framework, this study proposes a two-stage stochastic…",True,abstract,待逐篇全文复核
P079,recent_hot_2021_2025,4,INFORMS Journal on Computing,1091-9856,UTD24,计算方法与运筹算法,Scalable Vertiport Hub Location Selection for Air Taxi Operations in a Metropolitan Region,Liting Chen; Sebastian Wandelt; Weibin Dai; Xiaoqian Sun,2021,2021-11-29,10.1287/ijoc.2021.1109,https://openalex.org/W3215960726,https://doi.org/10.1287/ijoc.2021.1109,70,57,25.428,2026-07-12,Transportation and Mobility Innovations,Transportation and Mobility Innovations; Vehicle Routing Optimization Methods; Smart Parking Systems Research,规范型/处方型,优化与算法,vehicle routing; location selection,模型参数/仿真或算例,"We propose a novel variable neighborhood search heuristic, which is able to solve 12 × 12 grid instances within a few seconds of computation time and zero gaps in our experiments, whereas CPLEX needs up to 10 hours.",管理决策→系统边界与假设→目标函数/约束→算法或求解器→理论性质→算例/仿真→敏感性→管理洞见,以“Transportation and Mobility Innovations”为对象，采用优化与算法，属于规范型/处方型研究；具体识别、模型与数据细节以全文复核为准。,"On-demand air mobility services, often called air taxis, are on the way to revolutionize our urban/regional transportation sector by lifting transportation to the third dimension and thus possibly contribute to solving the congestion-induced transportation deadlock many metropolitan regions face today. Although existing research mainly focuses on the design of efficient vehicles and specifically battery technology,…",True,abstract,待逐篇全文复核
P080,recent_hot_2021_2025,5,INFORMS Journal on Computing,1091-9856,UTD24,计算方法与运筹算法,Optimising Electric Vehicle Charging Station Placement Using Advanced Discrete Choice Models,Steven J. Lamontagne; Margarida Carvalho; Emma Frejinger; Bernard Gendron; Miguel F. Anjos; Ribal Atallah,2023,2023-05-25,10.1287/ijoc.2022.0185,https://openalex.org/W4378219327,https://doi.org/10.1287/ijoc.2022.0185,47,46,25.262,2026-07-12,Electric Vehicles and Infrastructure,Electric Vehicles and Infrastructure; Transportation and Mobility Innovations; Urban Transport and Accessibility,规范型/处方型,优化与算法,charging station placement; discrete choice,模型参数/仿真或算例,We adopt a simulation approach and precompute error terms for each option available to users for a given number of scenarios.,管理决策→系统边界与假设→目标函数/约束→算法或求解器→理论性质→算例/仿真→敏感性→管理洞见,以“Electric Vehicles and Infrastructure”为对象，采用优化与算法，属于规范型/处方型研究；具体识别、模型与数据细节以全文复核为准。,"We present a new model for finding the optimal placement of electric vehicle charging stations across a multiperiod time frame so as to maximise electric vehicle adoption. Via the use of stochastic discrete choice models and user classes, this work allows for a granular modelling of user attributes and their preferences in regard to charging station characteristics. We adopt a simulation approach and precompute…",True,abstract,待逐篇全文复核
P081,classic_high_cited,1,Transportation Science,0041-1655,INFORMS field flagship,交通运输与物流,An Adaptive Large Neighborhood Search Heuristic for the Pickup and Delivery Problem with Time Windows,Stefan Røpke; David Pisinger,2006,2006-11-01,10.1287/trsc.1050.0135,https://openalex.org/W2105002757,https://doi.org/10.1287/trsc.1050.0135,2412,786,188.966,2026-07-12,Vehicle Routing Optimization Methods,Vehicle Routing Optimization Methods; Transportation and Mobility Innovations; Robotic Path Planning Algorithms,规范型/处方型,优化与算法,vehicle routing; routing problem,模型参数/仿真或算例,The computational experiments indicate that it is advantageous to use several competing subheuristics instead of just one.,管理决策→系统边界与假设→目标函数/约束→算法或求解器→理论性质→算例/仿真→敏感性→管理洞见,以“Vehicle Routing Optimization Methods”为对象，采用优化与算法，属于规范型/处方型研究；具体识别、模型与数据细节以全文复核为准。,"The pickup and delivery problem with time windows is the problem of serving a number of transportation requests using a limited amount of vehicles. Each request involves moving a number of goods from a pickup location to a delivery location. Our task is to construct routes that visit all locations such that corresponding pickups and deliveries are placed on the same route, and such that a pickup is performed before…",True,abstract,待逐篇全文复核
P082,classic_high_cited,2,Transportation Science,0041-1655,INFORMS field flagship,交通运输与物流,"Self-Organized Pedestrian Crowd Dynamics: Experiments, Simulations, and Design Solutions",Dirk Helbing; Ľuboš Buzna; Anders Johansson; Torsten Werner,2005,2005-02-01,10.1287/trsc.1040.0108,https://openalex.org/W2132505539,https://doi.org/10.1287/trsc.1040.0108,1472,190,50.758,2026-07-12,Evacuation and Crowd Dynamics,Evacuation and Crowd Dynamics; Traffic control and management; Traffic and Road Safety,规范型/处方型,随机过程/动态规划/仿真,shock waves,模型参数/仿真或算例,"To test simulation models of pedestrian flows, we have performed experiments for corridors, bottleneck areas, and intersections.",管理决策→系统边界与假设→目标函数/约束→算法或求解器→理论性质→算例/仿真→敏感性→管理洞见,以“Evacuation and Crowd Dynamics”为对象，采用随机过程/动态规划/仿真，属于规范型/处方型研究；具体识别、模型与数据细节以全文复核为准。,"To test simulation models of pedestrian flows, we have performed experiments for corridors, bottleneck areas, and intersections. Our evaluations of video recordings show that the geometric boundary conditions are not only relevant for the capacity of the elements of pedestrian facilities, they also influence the time gap distribution of pedestrians, indicating the existence of self-organization phenomena. After…",True,abstract,待逐篇全文复核
P083,classic_high_cited,3,Transportation Science,0041-1655,INFORMS field flagship,交通运输与物流,Network Design and Transportation Planning: Models and Algorithms,Thomas L. Magnanti; Richard T. Wong,1984,1984-02-01,10.1287/trsc.18.1.1,https://openalex.org/W2171985270,https://doi.org/10.1287/trsc.18.1.1,1286,92,18.668,2026-07-12,Transportation Planning and Optimization,Transportation Planning and Optimization; Vehicle Routing Optimization Methods; Transportation and Mobility Innovations,规范型/处方型,优化与算法,integer programming; vehicle routing; network design; discrete choice,模型参数/仿真或算例,摘要未明确；需全文补录具体数据源、样本期与变量定义。,管理决策→系统边界与假设→目标函数/约束→算法或求解器→理论性质→算例/仿真→敏感性→管理洞见,以“Transportation Planning and Optimization”为对象，采用优化与算法，属于规范型/处方型研究；具体识别、模型与数据细节以全文复核为准。,"Numerous transportation applications as diverse as capital investment decision-making, vehicle fleet planning, and traffic light signal setting all involve some form of (discrete choice) network design. In this paper, we review some of the uses and limitations of integer programming-based approaches to network design, and describe several discrete and continuous choice models and algorithms. Our objectives are…",True,abstract,待逐篇全文复核
P084,classic_high_cited,4,Transportation Science,0041-1655,INFORMS field flagship,交通运输与物流,The Electric Vehicle-Routing Problem with Time Windows and Recharging Stations,Michael Schneider; A. Stenger; Dominik Goeke,2014,2014-03-06,10.1287/trsc.2013.0490,https://openalex.org/W2094764575,https://doi.org/10.1287/trsc.2013.0490,1247,410,128.379,2026-07-12,Vehicle Routing Optimization Methods,Vehicle Routing Optimization Methods; Transportation and Mobility Innovations; Urban and Freight Transport Logistics,规范型/处方型,优化与算法,vehicle routing; routing problem,模型参数/仿真或算例,摘要未明确；需全文补录具体数据源、样本期与变量定义。,管理决策→系统边界与假设→目标函数/约束→算法或求解器→理论性质→算例/仿真→敏感性→管理洞见,以“Vehicle Routing Optimization Methods”为对象，采用优化与算法，属于规范型/处方型研究；具体识别、模型与数据细节以全文复核为准。,"Driven by new laws and regulations concerning the emission of greenhouse gases, carriers are starting to use electric vehicles for last-mile deliveries. The limited battery capacities of these vehicles necessitate visits to recharging stations during delivery tours of industry-typical length, which have to be considered in the route planning to avoid inefficient vehicle routes with long detours. We introduce the…",True,abstract,待逐篇全文复核
P085,classic_high_cited,5,Transportation Science,0041-1655,INFORMS field flagship,交通运输与物流,Revenue Management: Research Overview and Prospects,Jeff McGill; Garrett J. van Ryzin,1999,1999-05-01,10.1287/trsc.33.2.233,https://openalex.org/W2169927262,https://doi.org/10.1287/trsc.33.2.233,1133,46,14.952,2026-07-12,Supply Chain and Inventory Management,Supply Chain and Inventory Management; Transportation Planning and Optimization; Consumer Market Behavior and Pricing,证据综合型,综述/理论整合/元分析,research overview,文献与已发表效应量,This survey reviews the forty-year history of research on transportation revenue management (also known as yield management).,检索协议→纳排标准→编码→质量/偏倚评估→主题或效应综合→异质性→研究议程,以“Supply Chain and Inventory Management”为对象，采用综述/理论整合/元分析，属于证据综合型研究；具体识别、模型与数据细节以全文复核为准。,"This survey reviews the forty-year history of research on transportation revenue management (also known as yield management). We cover developments in forecasting, overbooking, seat inventory control, and pricing, as they relate to revenue management, and suggest future research directions. The survey includes a glossary of revenue management terminology and a bibliography of over 190 references.",True,abstract,待逐篇全文复核
P086,recent_hot_2021_2025,1,Transportation Science,0041-1655,INFORMS field flagship,交通运输与物流,Exact Methods for the Traveling Salesman Problem with Drone,Roberto Roberti; Mario Ruthmair,2021,2021-02-05,10.1287/trsc.2020.1017,https://openalex.org/W3128252576,https://doi.org/10.1287/trsc.2020.1017,210,122,55.465,2026-07-12,Vehicle Routing Optimization Methods,Vehicle Routing Optimization Methods; Transportation and Mobility Innovations; Smart Parking Systems Research,规范型/处方型,优化与算法,mixed-integer; integer programming; linear programming; vehicle routing; traveling salesman; travelling salesman; dynamic programming,模型参数/仿真或算例,We study exact solution approaches for some variants of the traveling salesman problem with drone (TSP-D) in which a truck and a drone are teamed up to serve a set of customers.,管理决策→系统边界与假设→目标函数/约束→算法或求解器→理论性质→算例/仿真→敏感性→管理洞见,以“Vehicle Routing Optimization Methods”为对象，采用优化与算法，属于规范型/处方型研究；具体识别、模型与数据细节以全文复核为准。,Efficiently handling last-mile deliveries becomes more and more important nowadays. Using drones to support classical vehicles allows improving delivery schedules as long as efficient solution methods to plan last-mile deliveries with drones are available. We study exact solution approaches for some variants of the traveling salesman problem with drone (TSP-D) in which a truck and a drone are teamed up to serve a…,True,abstract,待逐篇全文复核
P087,recent_hot_2021_2025,2,Transportation Science,0041-1655,INFORMS field flagship,交通运输与物流,Microscopic Traffic Modeling Inside Intersections: Interactions Between Drivers,Jing Zhao; Victor L. Knoop; Meng Wang,2022,2022-07-27,10.1287/trsc.2022.1163,https://openalex.org/W4288066946,https://doi.org/10.1287/trsc.2022.1163,116,79,39.257,2026-07-12,Traffic control and management,Traffic control and management; Traffic Prediction and Management Techniques; Evacuation and Crowd Dynamics,规范型/处方型,随机过程/动态规划/仿真,traffic flow,模型参数 + 真实案例/二手数据,"Results show that the model can accurately describe vehicle passing orders of interacting maneuvers, paths, and speeds against empirical data.",管理决策→系统边界与假设→目标函数/约束→算法或求解器→理论性质→算例/仿真→敏感性→管理洞见,以“Traffic control and management”为对象，采用随机过程/动态规划/仿真，属于规范型/处方型研究；具体识别、模型与数据细节以全文复核为准。,"Microscopic traffic flow models enable predictions of traffic operations, which allows traffic engineers to assess the efficiency and safety effects of roadway designs. Modeling vehicle trajectories inside intersections is challenging because there is an infinite number of possible paths in a two-dimensional space, and drivers can simultaneously adapt their speeds as well. To date, human driver models for…",True,abstract,待逐篇全文复核
P088,recent_hot_2021_2025,3,Transportation Science,0041-1655,INFORMS field flagship,交通运输与物流,The Electric Vehicle Routing Problem with Capacitated Charging Stations,Aurélien Froger; Ola Jabali; Jorge E. Mendoza; Gilbert Laporte,2021,2021-12-30,10.1287/trsc.2021.1111,https://openalex.org/W2989947400,https://doi.org/10.1287/trsc.2021.1111,114,82,36.735,2026-07-12,Vehicle Routing Optimization Methods,Vehicle Routing Optimization Methods; Transportation and Mobility Innovations; Electric Vehicles and Infrastructure,规范型/处方型,优化与算法,vehicle routing; routing problem,模型参数/仿真或算例,"Electric vehicle routing problems (E-VRPs) deal with routing a fleet of electric vehicles (EVs) to serve a set of customers while minimizing an operational criterion, for example, cost or time.",管理决策→系统边界与假设→目标函数/约束→算法或求解器→理论性质→算例/仿真→敏感性→管理洞见,以“Vehicle Routing Optimization Methods”为对象，采用优化与算法，属于规范型/处方型研究；具体识别、模型与数据细节以全文复核为准。,"Electric vehicle routing problems (E-VRPs) deal with routing a fleet of electric vehicles (EVs) to serve a set of customers while minimizing an operational criterion, for example, cost or time. The feasibility of the routes is constrained by the autonomy of the EVs, which may be recharged along the route. Much of the E-VRP research neglects the capacity of charging stations (CSs) and thus implicitly assumes that an…",True,abstract,待逐篇全文复核
P089,recent_hot_2021_2025,4,Transportation Science,0041-1655,INFORMS field flagship,交通运输与物流,An Exact Algorithm for Heterogeneous Drone-Truck Routing Problem,Munjeong Kang; Chungmok Lee,2021,2021-08-18,10.1287/trsc.2021.1055,https://openalex.org/W3193644409,https://doi.org/10.1287/trsc.2021.1055,101,79,35.185,2026-07-12,Vehicle Routing Optimization Methods,Vehicle Routing Optimization Methods; Transportation and Mobility Innovations; UAV Applications and Optimization,规范型/处方型,优化与算法,mixed-integer; integer programming; benders decomposition; vehicle routing; routing problem,模型参数/仿真或算例,"The truck and drone collaborate the delivery to serve all customers, while the drones are carried by and dispatched from the truck.",管理决策→系统边界与假设→目标函数/约束→算法或求解器→理论性质→算例/仿真→敏感性→管理洞见,以“Vehicle Routing Optimization Methods”为对象，采用优化与算法，属于规范型/处方型研究；具体识别、模型与数据细节以全文复核为准。,"Recently, there are attempts to utilize drones in the logistic application. We consider the case in which there are multiple drones with different characteristics, such as speed and battery capacity. The truck and drone collaborate the delivery to serve all customers, while the drones are carried by and dispatched from the truck. The multiple drones can be deployed simultaneously; however, the truck must wait until…",True,abstract,待逐篇全文复核
P090,recent_hot_2021_2025,5,Transportation Science,0041-1655,INFORMS field flagship,交通运输与物流,Combinatorial Optimization-Enriched Machine Learning to Solve the Dynamic Vehicle Routing Problem with Time Windows,Léo Baty; Kai Jungel; Patrick S. Klein; Axel Parmentier; Maximilian Schiffer,2024,2024-02-14,10.1287/trsc.2023.0107,https://openalex.org/W4391812043,https://doi.org/10.1287/trsc.2023.0107,57,55,35.182,2026-07-12,Vehicle Routing Optimization Methods,Vehicle Routing Optimization Methods; Transportation and Mobility Innovations; Smart Parking Systems Research,预测型/计算型,机器学习/文本与预测分析,machine learning; reinforcement learning; vehicle routing; robustness; routing problem; dynamic programming,观察数据/数字痕迹/文本/时序,摘要未明确；需全文补录具体数据源、样本期与变量定义。,预测/分类任务→数据与标签→特征/表示→训练与验证→基线比较→误差与解释→决策/部署约束,以“Vehicle Routing Optimization Methods”为对象，采用机器学习/文本与预测分析，属于预测型/计算型研究；具体识别、模型与数据细节以全文复核为准。,"With the rise of e-commerce and increasing customer requirements, logistics service providers face a new complexity in their daily planning, mainly due to efficiently handling same-day deliveries. Existing multistage stochastic optimization approaches that allow solving the underlying dynamic vehicle routing problem either are computationally too expensive for an application in online settings or—in the case of…",True,abstract,待逐篇全文复核
P091,classic_high_cited,1,Decision Sciences,0011-7315,Decision Sciences Institute flagship,决策科学,Technology Acceptance Model 3 and a Research Agenda on Interventions,Viswanath Venkatesh; Hillol Bala,2008,2008-05-01,10.1111/j.1540-5915.2008.00192.x,https://openalex.org/W2112042732,https://doi.org/10.1111/j.1540-5915.2008.00192.x,7855,2279,585.081,2026-07-12,Technology Adoption and User Behaviour,Technology Adoption and User Behaviour; Digital Marketing and Social Media; Customer Service Quality and Loyalty,证据综合型,综述/理论整合/元分析,research agenda; technology acceptance model; perceived ease of use; perceived usefulness,文献与已发表效应量,摘要未明确；需全文补录具体数据源、样本期与变量定义。,检索协议→纳排标准→编码→质量/偏倚评估→主题或效应综合→异质性→研究议程,以“Technology Adoption and User Behaviour”为对象，采用综述/理论整合/元分析，属于证据综合型研究；具体识别、模型与数据细节以全文复核为准。,"ABSTRACT Prior research has provided valuable insights into how and why employees make a decision about the adoption and use of information technologies (ITs) in the workplace. From an organizational point of view, however, the more important issue is how managers make informed decisions about interventions that can lead to greater acceptance and effective utilization of IT. There is limited research in the IT…",True,abstract,待逐篇全文复核
P092,classic_high_cited,2,Decision Sciences,0011-7315,Decision Sciences Institute flagship,决策科学,A Model of the Antecedents of Perceived Ease of Use: Development and Test,Viswanath Venkatesh; Fred D. Davis,1996,1996-09-01,10.1111/j.1540-5915.1996.tb00860.x,https://openalex.org/W2075647120,https://doi.org/10.1111/j.1540-5915.1996.tb00860.x,2881,178,46.09,2026-07-12,Technology Adoption and User Behaviour,Technology Adoption and User Behaviour; Digital Marketing and Social Media; Behavioral Health and Interventions,实证解释型,结构方程/问卷实证,structural equation; technology acceptance model; perceived ease of use; machine learning,问卷/量表数据,"Data from three experiments spanning 108 subjects and six different systems supported our hypothesis that an individual's perception of a particular system's ease of use is anchored to her or his general computer self-efficacy at all times, and objective usability has an impact on ease of use perceptions about a…",理论框架→假设→构念/变量→样本与测量→统计模型→信效度/拟合→稳健性→理论与管理含义,以“Technology Adoption and User Behaviour”为对象，采用结构方程/问卷实证，属于实证解释型研究；具体识别、模型与数据细节以全文复核为准。,"The Technology Acceptance Model (TAM) has been widely used to predict user acceptance and use based on perceived ease of use and usefulness. However, in order to design effective training interventions to improve user acceptance, it is necessary to better understand the antecedents and determinants of key acceptance constructs. In this research, we focus on understanding the determinants of perceived ease of use.…",True,abstract,待逐篇全文复核
P093,classic_high_cited,3,Decision Sciences,0011-7315,Decision Sciences Institute flagship,决策科学,Are Individual Differences Germane to the Acceptance of New Information Technologies?,Ritu Agarwal; Jayesh Prasad,1999,1999-03-01,10.1111/j.1540-5915.1999.tb01614.x,https://openalex.org/W1974108202,https://doi.org/10.1111/j.1540-5915.1999.tb01614.x,2096,136,37.119,2026-07-12,Technology Adoption and User Behaviour,Technology Adoption and User Behaviour; Digital Marketing and Social Media; Knowledge Management and Sharing,实证解释型,结构方程/问卷实证,technology acceptance model,问卷/量表数据,ABSTRACT Persuading users to adopt new information technologies persists as an important problem confronting those responsible for implementing new information systems.,理论框架→假设→构念/变量→样本与测量→统计模型→信效度/拟合→稳健性→理论与管理含义,以“Technology Adoption and User Behaviour”为对象，采用结构方程/问卷实证，属于实证解释型研究；具体识别、模型与数据细节以全文复核为准。,"ABSTRACT Persuading users to adopt new information technologies persists as an important problem confronting those responsible for implementing new information systems. In order to better understand and manage the process of new technology adoption, several theoretical models have been proposed, of which the technology acceptance model (TAM) has gained considerable support. Beliefs and attitudes represent…",True,abstract,待逐篇全文复核
P094,classic_high_cited,4,Decision Sciences,0011-7315,Decision Sciences Institute flagship,决策科学,An Instrument for Measuring the Critical Factors of Quality Management,Jayant V. Saraph; Philip G. Benson; Roger G. Schroeder,1989,1989-12-01,10.1111/j.1540-5915.1989.tb01421.x,https://openalex.org/W1975965087,https://doi.org/10.1111/j.1540-5915.1989.tb01421.x,2042,50,16.334,2026-07-12,Quality and Supply Management,Quality and Supply Management; Construction Project Management and Performance; Accounting and Organizational Management,探索/理论生成型,定性/案例研究,case studies,访谈、档案或案例材料,"While many organizations collect quality data such as defect rates, error rates, rework cost, and scrap cost, these are not measures of organization‐wide quality management.",现象与案例选择→资料采集→开放编码→范畴/机制→跨案例比较→理论命题→边界条件,以“Quality and Supply Management”为对象，采用定性/案例研究，属于探索/理论生成型研究；具体识别、模型与数据细节以全文复核为准。,"ABSTRACT Much has been written about how quality should be managed in an organization. The quality literature contains many case studies of successful companies and descriptions of quality concepts and quality improvement programs. To date, however, there has been no systematic attempt to organize and synthesize the various prescriptions offered, nor have measures of organizational quality management been proposed…",True,abstract,待逐篇全文复核
P095,classic_high_cited,5,Decision Sciences,0011-7315,Decision Sciences Institute flagship,决策科学,Development and Validation of TQM Implementation Constructs,Sanjay L. Ahire; Damodar Y. Golhar; Matthew A. Waller,1996,1996-03-01,10.1111/j.1540-5915.1996.tb00842.x,https://openalex.org/W2143773263,https://doi.org/10.1111/j.1540-5915.1996.tb00842.x,1780,57,19.03,2026-07-12,Quality and Supply Management,Quality and Supply Management; Product Development and Customization; Quality and Management Systems,实证解释型,结构方程/问卷实证,survey of,问卷/量表数据,"Using a survey of 371 manufacturing firms, the constructs are then empirically tested and validated.",理论框架→假设→构念/变量→样本与测量→统计模型→信效度/拟合→稳健性→理论与管理含义,以“Quality and Supply Management”为对象，采用结构方程/问卷实证，属于实证解释型研究；具体识别、模型与数据细节以全文复核为准。,"The contemporary quality management (QM) literature prescribes various quality improvement strategies. However, it lacks scientifically developed and tested constructs that represent an integrative QM philosophy. Moreover, an impact of the prescribed QM strategies on a firm's product quality has not been analyzed. Through a detailed analysis of the literature, this research identifies 12 constructs of integrated QM…",True,abstract,待逐篇全文复核
P096,recent_hot_2021_2025,1,Decision Sciences,0011-7315,Decision Sciences Institute flagship,决策科学,Achieving supply chain efficiency and resilience by using multi‐level commons,Sunil Chopra; ManMohan S. Sodhi; Florian Lücker,2021,2021-05-12,10.1111/deci.12526,https://openalex.org/W3156205742,https://doi.org/10.1111/deci.12526,130,69,31.827,2026-07-12,Supply Chain Resilience and Risk Management,Supply Chain Resilience and Risk Management; Sustainable Supply Chain Management; Supply Chain and Inventory Management,理论构建型,概念/理论构建,title_override:achieving supply chain efficiency and resilience,摘要未明确,"Abstract We offer the notion of “commons” at different levels—within company, private across company, and government‐sponsored across‐industry sectors—and discuss how the creation of such commons enabled firms to be both efficient during normal times and resilient against the disruptions resulting from COVID‐19.",现象/悖论→概念界定→理论锚点→机制与命题→边界条件→可检验含义→后续验证议程,以“Supply Chain Resilience and Risk Management”为对象，采用概念/理论构建，属于理论构建型研究；具体识别、模型与数据细节以全文复核为准。,"Abstract We offer the notion of “commons” at different levels—within company, private across company, and government‐sponsored across‐industry sectors—and discuss how the creation of such commons enabled firms to be both efficient during normal times and resilient against the disruptions resulting from COVID‐19. At the same time, there are many proven strategies providing resilience in supply chains. For instance,…",True,abstract,待逐篇全文复核
P097,recent_hot_2021_2025,2,Decision Sciences,0011-7315,Decision Sciences Institute flagship,决策科学,The role of generative design and additive manufacturing capabilities in developing human–AI symbiosis: Evidence from multiple case studies,Elliot Bendoly; Aravind Chandrasekaran; Mateus do Rego Ferreira Lima; Robert Handfield; Siavash H. Khajavi; Samuel Roscoe,2023,2023-10-28,10.1111/deci.12619,https://openalex.org/W4388179111,https://doi.org/10.1111/deci.12619,50,50,27.375,2026-07-12,Design Education and Practice,Design Education and Practice; Product Development and Customization; Innovative Human-Technology Interaction,因果解释型,因果推断/计量经济学,natural experiment; case study; case studies; qualitative study; grounded theory,观察性微观/面板/交易数据,We begin this qualitative study with a natural experiment made possible by an exogenous shock: the COVID‐19 pandemic.,理论机制→可检验假设→识别设计→样本与变量→估计→平行趋势/有效性→稳健性→机制与异质性,以“Design Education and Practice”为对象，采用因果推断/计量经济学，属于因果解释型研究；具体识别、模型与数据细节以全文复核为准。,Abstract The benefits of additive manufacturing (AM) extend beyond the attributes of physical products and production processes they enable. Experience with AM can augment the way design is approached and can increase opportunities to pivot toward less familiar design tasks. We begin this qualitative study with a natural experiment made possible by an exogenous shock: the COVID‐19 pandemic. Through a three‐stage…,True,abstract,待逐篇全文复核
P098,recent_hot_2021_2025,3,Decision Sciences,0011-7315,Decision Sciences Institute flagship,决策科学,Leveraging gamification technology to motivate environmentally responsible behavior: An empirical examination of Ant Forest,Qingyu Zhang; Muhammad Anwar,2023,2023-10-23,10.1111/deci.12618,https://openalex.org/W4387878128,https://doi.org/10.1111/deci.12618,38,38,20.925,2026-07-12,Environmental Education and Sustainability,Environmental Education and Sustainability; Behavioral Health and Interventions; Impact of Technology on Adolescents,实证解释型,回归/统计实证,empirical examination,观察性微观/面板/交易数据,Ant Forest—a gamified initiative launched by a prominent Chinese fintech company—empowers users to manage their ecological footprint and promote ethical behavior.,理论框架→假设→构念/变量→样本与测量→统计模型→信效度/拟合→稳健性→理论与管理含义,以“Environmental Education and Sustainability”为对象，采用回归/统计实证，属于实证解释型研究；具体识别、模型与数据细节以全文复核为准。,"Abstract Realizing the role of their consumers in mitigating environmental problems, companies have started leveraging gamification technology with persuasive interventions to induce consumers’ behavioral changes. Ant Forest—a gamified initiative launched by a prominent Chinese fintech company—empowers users to manage their ecological footprint and promote ethical behavior. However, the research community has…",True,abstract,待逐篇全文复核
P099,recent_hot_2021_2025,4,Decision Sciences,0011-7315,Decision Sciences Institute flagship,决策科学,"Diversity, Equity, and Inclusion: decision science research opportunities",Christopher S. Tang,2023,2023-08-18,10.1111/deci.12614,https://openalex.org/W4386022907,https://doi.org/10.1111/deci.12614,32,31,17.2,2026-07-12,Environmental Sustainability in Business,"Environmental Sustainability in Business; Global trade, sustainability, and social impact; Sustainable Supply Chain Management",证据综合型,综述/理论整合/元分析,research opportunities,文献与已发表效应量,摘要未明确；需全文补录具体数据源、样本期与变量定义。,检索协议→纳排标准→编码→质量/偏倚评估→主题或效应综合→异质性→研究议程,以“Environmental Sustainability in Business”为对象，采用综述/理论整合/元分析，属于证据综合型研究；具体识别、模型与数据细节以全文复核为准。,"ABSTRACT As of July 2022, all Fortune 100 companies have made public announcements about their commitments to Diversity, Equity, and Inclusion (DEI). At the same time, more universities are offering DEI certificates or degree programs. Despite this recent social movement, DEI research in decision science remains nascent. DEI can be a politically sensitive topic, but its economic and social impact on organizations…",True,abstract,待逐篇全文复核
P100,recent_hot_2021_2025,5,Decision Sciences,0011-7315,Decision Sciences Institute flagship,决策科学,Consumer showrooming with supplier encroachment and omnichannel retailing,Shichen Zhang; Yao Yao; Jianxiong Zhang,2021,2021-07-09,10.1111/deci.12539,https://openalex.org/W3181624502,https://doi.org/10.1111/deci.12539,53,36,16.43,2026-07-12,Consumer Retail Behavior Studies,Consumer Retail Behavior Studies; Consumer Market Behavior and Pricing; Digital Platforms and Economics,解析型/机制解释,博弈论/机制与契约,supplier encroachment,模型参数/仿真或算例,摘要未明确；需全文补录具体数据源、样本期与变量定义。,现实现象→参与者与机制→效用/利润/约束→均衡或结构参数→比较静态→经验/数值校准→机制含义,以“Consumer Retail Behavior Studies”为对象，采用博弈论/机制与契约，属于解析型/机制解释研究；具体识别、模型与数据细节以全文复核为准。,Abstract Consumers with uncertainty about product value often evaluate a product in a physical store but then purchase it online at a lower price. This popular shopping behavior is referred to as “showrooming.” Recent studies find that showrooming adversely affects the retailer. The advance of e‐commerce has attracted an increasing number of suppliers to the practice of building an online channel alongside their…,True,abstract,待逐篇全文复核
